Source File	Size	loadResources	load-configure	scan	loadDepInfo	loadInfo	load	generateSnapshots	checkR4R4B	generateNarratives	validate	loadLists	checkConformanceResources	checkConformanceResources2	checkConformanceResources3	generateLogicalMaps	validateExpressions	scanForUsageStats	checkURLsUnique	processProvenanceDetails	generate1	generate2	generateLogicals	makeDependencies	generateExampleZip	generateValidationPack	scanProfilesForR5	scanExamplesForR5
/input/myig.xml	1152	-	0	0	0	0	0	0	1	88	0	0	0	0	0	0	0	2	0	0	89	78	0	0	1	31	0	0
input/examples/WoundCharacteristics-01.xml	4612	61	1	0	0	0	0	0	1	524	0	0	0	0	0	0	0	0	0	0	81	44	1	0	0	0	0	0
input/examples/WoundCharacteristics-02.xml	2039	11	0	0	0	0	0	0	0	24	0	0	0	0	0	0	0	1	0	0	45	35	0	0	0	0	0	0
input/examples/gp-Bundle-01.xml	237259	345	1	0	0	0	239	0	11	3	0	0	0	0	0	0	0	8	0	0	598	631	0	0	0	0	0	2
input/examples/gp-DiagnosticResult-01.xml	3614	8	0	0	0	0	0	0	1	0	0	0	0	0	0	0	0	0	0	0	52	23	0	0	0	0	0	0
input/examples/gp-EncounterReport-01.xml	3863	10	0	0	0	0	0	0	0	0	0	0	0	0	0	0	0	0	0	0	50	35	0	0	0	0	0	0
input/examples/images-Bundle-01.xml	192851	26	0	0	0	0	95	0	1	0	0	0	0	0	0	0	0	1	0	0	586	81	0	0	0	0	0	0
input/examples/images-Bundle-02.xml	375173	36	0	0	0	0	93	0	1	0	0	0	0	0	0	0	0	1	0	0	982	107	0	0	0	0	0	0
input/examples/nl-core-careplan-01.xml	9987	15	0	0	0	0	0	0	0	0	0	0	0	0	0	0	0	0	0	0	45	43	0	0	0	0	0	0
input/examples/nl-core-careteam-01.xml	5770	12	0	0	0	0	0	0	0	1	0	0	0	0	0	0	0	0	0	0	40	35	0	0	0	0	0	0
input/examples/nl-core-episodeofcare-01.xml	2911	10	0	0	0	0	0	0	0	0	0	0	0	0	0	0	0	0	0	0	36	23	0	0	0	0	0	0
input/examples/nl-core-episodeofcare-02.xml	2963	10	0	0	0	0	0	0	1	0	0	0	0	0	0	0	0	0	0	0	33	22	0	0	0	0	0	0
input/examples/nl-core-organization-01.xml	1444	6	0	0	0	0	0	0	0	0	0	0	0	0	0	0	0	0	0	0	34	14	0	0	0	0	0	0
input/examples/nl-core-organization-02.xml	1373	5	0	0	0	0	0	0	0	0	0	0	0	0	0	0	0	0	0	0	29	13	0	0	0	0	0	0
input/examples/nl-core-organization-03.xml	799	5	0	0	0	0	0	0	0	0	0	0	0	0	0	0	0	0	0	0	37	12	0	0	0	0	0	0
input/examples/nl-core-organization-04.xml	959	6	0	0	0	0	0	0	0	0	0	0	0	0	0	0	0	0	0	0	31	11	0	0	0	0	0	0
input/examples/nl-core-organization-05.xml	6960	16	0	0	0	0	0	0	0	0	0	0	0	0	0	0	0	0	0	0	53	16	0	0	0	0	0	0
input/examples/nl-core-organization-06.xml	1316	5	0	0	0	0	0	0	0	0	0	0	0	0	0	0	0	0	0	0	41	11	0	0	0	0	0	0
input/examples/nl-core-organization-07.xml	1606	6	1	0	0	0	0	0	0	0	0	0	0	0	0	0	0	0	0	0	33	10	0	0	0	0	0	0
input/examples/nl-core-patient-01.xml	10911	14	0	0	0	0	0	0	1	0	0	0	0	0	0	0	0	0	0	0	56	26	0	0	0	0	0	0
input/examples/nl-core-patient-02.xml	5085	10	0	0	0	0	0	0	0	0	0	0	0	0	0	0	0	0	0	0	39	16	0	0	0	0	0	0
input/examples/nl-core-patient-03.xml	7816	12	0	0	0	0	0	0	1	1	0	0	0	0	0	0	0	0	0	0	45	19	0	0	0	0	0	0
input/examples/nl-core-patient-languageProficiency-01.xml	14335	21	0	0	0	0	0	0	1	0	0	0	0	0	0	0	0	1	0	0	62	20	0	0	0	0	0	0
input/examples/nl-core-patient-legalStatus-01.xml	11831	17	0	0	0	0	0	0	1	0	0	0	0	0	0	0	0	0	0	0	53	21	0	0	0	0	0	0
input/examples/nl-core-person-01.xml	5469	12	0	0	0	0	0	0	1	0	0	0	0	0	0	0	0	0	0	0	38	24	0	0	0	0	0	0
input/examples/nl-core-practitioner-01.xml	5948	10	0	0	0	0	0	0	0	0	0	0	0	0	0	0	0	0	0	0	36	17	0	0	0	0	0	1
input/examples/nl-core-practitioner-02.xml	3951	9	0	0	0	0	0	0	0	0	0	0	0	0	0	0	0	0	0	0	35	15	0	0	0	0	0	0
input/examples/nl-core-practitioner-03.xml	1254	6	0	0	0	0	0	0	0	0	0	0	0	0	0	0	0	0	0	0	33	14	0	0	0	0	0	0
input/examples/nl-core-practitioner-04.xml	987	8	0	0	0	0	0	0	0	590	0	0	0	0	0	0	0	0	0	0	45	13	0	0	0	0	0	0
input/examples/nl-core-practitionerrole-01.xml	1747	9	0	0	0	0	0	0	0	0	0	0	0	0	0	0	0	0	0	0	30	15	0	0	0	0	0	0
input/examples/nl-core-practitionerrole-02.xml	2543	10	0	0	0	0	0	0	1	1	0	0	0	0	0	0	0	0	0	0	29	16	0	0	0	0	0	0
input/examples/nl-core-practitionerrole-03.xml	1795	9	0	0	0	0	0	0	0	0	0	0	0	0	0	0	0	0	0	0	29	18	0	0	0	0	0	0
input/examples/nl-core-practitionerrole-04.xml	1134	7	0	0	0	0	0	0	0	18	0	0	0	0	0	0	0	0	0	0	37	12	0	0	0	0	0	0
input/examples/nl-core-relatedperson-01.xml	5238	16	0	0	0	0	0	0	0	0	0	0	0	0	0	0	0	1	0	0	46	21	0	0	0	0	0	0
input/examples/nl-core-relatedperson-02.xml	4766	16	0	0	0	0	0	0	0	1	0	0	0	0	0	0	0	0	0	0	43	18	0	0	0	0	0	0
input/examples/nl-core-relatedperson-03.xml	4849	15	0	0	0	0	0	0	1	0	0	0	0	0	0	0	0	0	0	0	38	22	0	0	0	0	0	0
input/examples/nl-core-relatedperson-04.xml	5213	15	0	0	0	0	0	0	0	0	0	0	0	0	0	0	0	0	0	0	38	16	0	0	0	0	0	0
input/examples/nl-core-relatedperson-05.xml	4722	14	0	0	0	0	0	0	1	0	0	0	0	0	0	0	0	0	0	0	38	20	0	0	1	0	0	0
input/examples/nl-core-relatedperson-06.xml	4842	14	0	0	0	0	0	0	0	0	0	0	0	0	0	0	0	0	0	0	37	17	0	0	0	0	0	0
input/examples/nl-core-relatedperson-07.xml	5056	16	0	0	0	0	0	0	0	0	0	0	0	0	0	0	0	0	0	0	38	19	0	0	0	0	0	0
input/examples/vitalsigns-bloodglucose-01.xml	3324	12	1	0	0	0	0	0	0	0	0	0	0	0	0	0	0	0	0	0	36	19	0	0	0	0	0	0
input/examples/zib-AbilityToDressOneself-01.xml	1623	8	0	0	0	0	0	0	1	31	0	0	0	0	0	0	0	0	0	0	37	15	0	0	0	0	0	0
input/examples/zib-AbilityToDrink-01.xml	2122	12	0	0	0	0	0	0	0	26	0	0	0	0	0	0	0	0	0	0	37	15	0	0	0	0	0	0
input/examples/zib-AbilityToEat-01.xml	2110	9	0	0	0	0	0	0	0	27	0	0	0	0	0	0	0	0	0	0	35	17	0	0	0	0	0	0
input/examples/zib-AbilityToGroome-01.xml	1122	6	0	0	0	0	0	0	0	17	0	0	0	0	0	0	0	0	0	0	34	17	0	0	0	0	0	0
input/examples/zib-AbilityToManageMedication-01.xml	1411	5	0	0	0	0	0	0	0	21	0	0	0	0	0	0	0	0	0	0	38	21	0	0	0	0	0	0
input/examples/zib-AbilityToManageMedication-NursingIntervention-01.xml	1525	8	0	0	0	0	0	0	0	271	0	0	0	0	0	0	0	0	0	0	34	32	0	0	0	0	0	0
input/examples/zib-AbilityToPerformMouthcareActivities-01.xml	1151	6	0	0	0	0	0	0	0	15	0	0	0	0	0	0	0	0	0	0	31	15	0	0	0	0	0	0
input/examples/zib-AbilityToPerformMouthcareActivities-MedicalDevice-01.xml	1240	4	0	0	0	0	0	0	1	20	0	0	0	0	0	0	0	0	0	0	34	24	0	0	0	0	0	0
input/examples/zib-AbilityToPerformMouthcareActivities-MedicalDeviceProduct-01.xml	780	6	0	0	0	0	0	0	0	8	0	0	0	0	0	0	0	0	0	0	31	29	0	0	0	0	0	0
input/examples/zib-AbilityToPerformNursingActivities-01.xml	1817	6	0	0	0	0	0	0	0	29	0	0	0	0	0	0	0	0	0	0	44	31	0	0	0	0	0	0
input/examples/zib-AbilityToPerformNursingActivities-Mother-01.xml	1051	5	0	0	0	0	0	0	0	10	0	0	0	0	0	0	0	0	0	0	34	20	0	0	0	0	0	0
input/examples/zib-AbilityToPerformNursingActivities-NursingIntervention-01.xml	1686	9	0	0	0	0	0	0	0	21	0	0	0	0	0	0	0	0	0	0	40	90	0	0	0	0	0	0
input/examples/zib-AbilityToUseToilet-01.xml	1879	7	0	0	0	0	0	0	1	154	0	0	0	0	0	0	0	0	0	0	35	59	0	0	0	0	0	0
input/examples/zib-AbilityToWashOneSelf-01.xml	1634	9	0	0	0	0	0	0	0	20	0	0	0	0	0	0	0	0	0	0	33	25	0	0	0	0	0	0
input/examples/zib-AdvanceDirective-01.xml	2815	11	1	0	0	0	0	0	0	0	0	0	0	0	0	0	0	0	0	0	36	56	0	0	0	0	0	0
input/examples/zib-AdvanceDirective-02.xml	2793	9	0	0	0	0	0	0	0	0	0	0	0	0	0	0	0	1	0	0	35	34	0	0	0	0	0	0
input/examples/zib-AdvanceDirective-03.xml	2122	6	0	0	0	0	0	0	0	0	0	0	0	0	0	0	0	0	0	0	35	46	0	0	0	0	0	0
input/examples/zib-AlcoholUse-01.xml	3117	11	0	0	0	0	0	0	0	0	0	0	0	0	0	0	0	0	0	0	38	38	0	0	0	0	0	0
input/examples/zib-Alert-01.xml	1955	10	0	0	0	0	0	0	0	1	0	0	0	0	0	0	0	0	0	0	32	15	0	0	0	0	0	0
input/examples/zib-AllergyIntolerance-01.xml	4713	11	0	0	0	0	0	0	0	0	0	0	0	0	0	0	0	0	0	0	35	70	0	0	0	0	0	0
input/examples/zib-ApgarScore-01.xml	3565	14	0	0	0	0	0	0	1	41	0	0	0	0	0	0	0	0	0	0	40	30	0	0	0	0	0	0
input/examples/zib-BladderFunction-01.xml	1476	10	0	0	0	0	0	0	0	22	0	0	0	0	0	0	0	0	0	0	34	30	0	0	0	0	0	0
input/examples/zib-BloodPressure-01.xml	6987	21	0	0	0	0	0	0	0	0	0	0	0	0	0	0	0	0	0	0	41	44	0	0	0	0	0	0
input/examples/zib-BodyHeight-01.xml	2727	12	0	0	0	0	0	0	0	0	0	0	0	0	0	0	0	0	0	0	29	34	0	0	0	0	0	0
input/examples/zib-BodyTemperature-01.xml	3750	10	0	0	0	0	0	0	1	0	0	0	0	0	0	0	0	0	0	0	44	26	0	0	0	0	0	0
input/examples/zib-BodyWeight-01.xml	3521	12	0	0	0	0	0	0	0	0	0	0	0	0	0	0	0	0	0	0	36	33	0	0	0	0	0	0
input/examples/zib-BowelFunction-01.xml	2953	10	0	0	0	0	0	0	0	29	0	0	0	0	0	0	0	0	0	0	40	41	0	0	0	0	0	0
input/examples/zib-BurnWound-01.xml	2751	14	0	0	0	0	0	0	1	153	0	0	0	0	0	0	0	0	0	0	36	37	0	0	0	0	0	0
input/examples/zib-ChecklistPainBehaviour-01.xml	4598	21	0	0	0	1	0	0	0	50	0	0	0	0	0	0	0	0	0	0	48	31	0	0	1	0	0	0
input/examples/zib-ComfortScale-01.xml	5019	12	0	0	0	0	0	0	1	286	0	0	0	0	0	0	0	1	0	0	55	32	0	0	0	0	0	0
input/examples/zib-DevelopmentChild-01.xml	4798	12	1	0	0	0	0	0	0	35	0	0	0	0	0	0	0	0	0	0	46	28	0	0	1	0	0	0
input/examples/zib-DrugUse-01.xml	5336	14	0	0	0	0	0	0	1	0	0	0	0	0	0	0	0	0	0	0	42	24	0	0	1	0	0	0
input/examples/zib-Encounter-01.xml	3170	10	0	0	0	0	0	0	0	0	0	0	0	0	0	0	0	0	0	0	36	37	0	0	0	0	0	0
input/examples/zib-Encounter-02.xml	2256	19	0	0	0	0	0	0	0	0	0	0	0	0	0	0	0	0	0	0	34	23	0	0	0	0	0	0
input/examples/zib-Encounter-03.xml	2428	11	0	0	0	0	0	0	0	0	0	0	0	0	0	0	0	0	0	0	31	25	0	0	0	0	0	0
input/examples/zib-FLACCPainScale-01.xml	3962	12	0	0	0	0	0	0	1	30	0	0	0	0	0	0	0	0	0	0	41	17	0	0	0	0	0	0
input/examples/zib-FamilySituation-01.xml	7946	10	0	0	0	0	0	0	0	0	0	0	0	0	0	0	0	0	0	0	43	13	0	0	0	0	0	0
input/examples/zib-FamilySituationChild-01.xml	8870	10	0	0	0	0	0	0	1	1	0	0	0	0	0	0	0	0	0	0	51	25	0	0	0	0	0	0
input/examples/zib-FeedingPatternInfant-01.xml	2824	7	0	0	0	0	0	0	0	151	0	0	0	0	0	0	0	1	0	0	39	16	0	0	0	0	0	0
input/examples/zib-FeedingTubeSystem-01.xml	1893	5	0	0	0	0	0	0	0	0	0	0	0	0	0	0	0	0	0	0	29	17	0	0	0	0	0	0
input/examples/zib-FeedingTubeSystem-02.xml	1922	7	0	0	0	0	0	0	0	22	0	0	0	0	0	0	0	0	0	0	35	22	0	0	0	0	0	0
input/examples/zib-FeedingTubeSystem-Product-01.xml	1223	5	0	0	0	0	0	0	0	0	0	0	0	0	0	0	0	0	0	0	32	19	0	0	0	0	0	0
input/examples/zib-FluidBalance-01.xml	2066	8	0	0	0	0	0	0	0	146	0	0	0	0	0	0	0	0	0	0	37	16	0	0	0	0	0	0
input/examples/zib-FreedomRestrictingMeasures-01.xml	3971	7	0	0	0	0	0	0	0	0	0	0	0	0	0	0	0	0	0	0	35	30	0	0	0	0	0	0
input/examples/zib-FreedomRestrictingMeasures-02.xml	2433	6	0	0	0	0	0	0	0	21	0	0	0	0	0	0	0	0	0	0	37	32	0	0	0	0	0	0
input/examples/zib-FunctionalOrMentalStatus-01.xml	2620	6	0	0	0	0	0	0	1	0	0	0	0	0	0	0	0	0	0	0	32	12	0	0	0	0	0	0
input/examples/zib-GeneralMeasurement-01.xml	2239	7	0	0	0	0	0	0	0	0	0	0	0	0	0	0	0	0	0	0	32	12	0	0	0	0	0	0
input/examples/zib-HeadCircumference-01.xml	1924	5	0	0	0	0	0	0	0	23	0	0	0	0	0	0	0	0	0	0	41	19	0	0	0	0	0	0
input/examples/zib-HearingFunction-01.xml	1215	3	0	0	0	0	0	0	0	15	0	0	0	0	0	0	0	0	0	0	32	19	0	0	0	0	0	0
input/examples/zib-HearingFunction-HearingAid-01.xml	1364	6	0	0	0	0	0	0	0	16	0	0	0	0	0	0	0	0	0	0	35	26	0	0	0	0	0	0
input/examples/zib-HearingFunction-HearingAid-Product-01.xml	737	4	0	0	0	0	0	0	0	5	0	0	0	0	0	0	0	0	0	0	30	30	0	0	0	0	0	0
input/examples/zib-HeartRate-01.xml	3641	6	0	0	0	0	0	0	0	0	0	0	0	0	0	0	0	0	0	0	33	19	0	0	0	0	0	0
input/examples/zib-HelpFromOthers-01.xml	4479	7	0	0	0	0	0	0	0	0	0	0	0	0	0	0	0	0	0	0	35	17	0	0	0	0	0	0
input/examples/zib-IllnessPerception-01.xml	2004	5	0	0	0	0	0	0	0	25	0	0	0	0	0	0	0	0	0	0	35	27	0	0	0	0	0	1
input/examples/zib-Infusion-01.xml	7822	6	0	0	0	0	0	0	1	0	0	0	0	0	0	0	0	0	0	0	49	44	0	0	0	0	0	0
input/examples/zib-Infusion-02.xml	4250	6	0	0	0	0	0	0	0	0	0	0	0	0	0	0	0	0	0	0	60	26	0	0	0	0	0	0
input/examples/zib-Infusion-AdministeringSystem-01.xml	4753	26	0	0	0	0	0	0	0	0	0	0	0	0	0	0	0	0	0	0	48	29	0	0	0	0	0	0
input/examples/zib-Infusion-Product-01.xml	1150	5	0	0	0	0	0	0	0	0	0	0	0	0	0	0	0	0	0	0	35	22	0	0	0	0	0	0
input/examples/zib-Infusion-Product-02.xml	1141	5	0	0	0	0	0	0	0	0	0	0	0	0	0	0	0	0	0	0	34	21	0	0	0	0	0	0
input/examples/zib-LaboratoryTestResult-Observation-01.xml	3941	7	0	0	0	0	0	0	1	0	0	0	0	0	0	0	0	0	0	0	34	15	0	0	0	0	0	0
input/examples/zib-LaboratoryTestResult-Specimen-01.xml	1601	6	0	0	0	0	0	0	0	0	0	0	0	0	0	0	0	0	0	0	30	24	0	0	0	0	0	0
input/examples/zib-LifeStance-01.xml	7155	7	0	0	0	0	0	0	0	53	0	0	0	0	0	0	0	0	0	0	49	35	0	0	1	0	0	0
input/examples/zib-LivingSituation-01.xml	2179	4	1	0	0	0	0	0	1	1	0	0	0	0	0	0	0	0	0	0	29	16	0	0	0	0	0	0
input/examples/zib-MUSTScore-01.xml	2718	5	0	0	0	0	0	0	0	23	0	0	0	0	0	0	0	1	0	0	41	14	0	0	0	0	0	0
input/examples/zib-MedicalDevice-01.xml	3641	6	0	0	0	0	0	0	0	0	0	0	0	0	0	0	0	0	0	0	37	24	0	0	0	0	0	0
input/examples/zib-MedicalDevice-02.xml	1118	4	0	0	0	0	0	0	0	18	0	0	0	0	0	0	0	0	0	0	36	23	0	0	0	0	0	0
input/examples/zib-MedicalDeviceProduct-01.xml	2489	5	0	0	0	0	0	0	0	0	0	0	0	0	0	0	0	0	0	0	30	22	0	0	0	0	0	0
input/examples/zib-MedicalDeviceProduct-02.xml	571	4	0	0	0	0	0	0	0	4	0	0	0	0	0	0	0	0	0	0	28	24	0	0	0	0	0	0
input/examples/zib-MedicalDeviceProduct-03.xml	1045	5	0	0	0	0	0	0	0	0	0	0	0	0	0	0	0	0	0	0	26	24	0	0	0	0	0	0
input/examples/zib-Mobility-01.xml	3640	6	0	0	0	0	0	0	1	26	0	0	0	0	0	0	0	0	0	0	40	20	0	0	0	0	0	0
input/examples/zib-NursingIntervention-01.xml	6377	8	0	0	0	0	0	0	0	0	0	0	0	0	0	0	0	0	0	0	39	52	0	0	0	0	0	0
input/examples/zib-NutritionAdvice-01.xml	2124	5	0	0	0	0	0	0	0	0	0	0	0	0	0	0	0	0	0	0	36	38	0	0	0	0	0	0
input/examples/zib-OutcomeOfCare-01.xml	1332	4	0	0	1	0	0	0	0	13	0	0	0	0	0	0	0	0	0	0	32	24	0	0	0	0	0	0
input/examples/zib-OutcomeOfCare-02.xml	872	4	0	0	0	0	0	0	0	3	0	0	0	0	0	0	0	0	0	0	28	15	0	0	0	0	0	0
input/examples/zib-OxygenSaturation-01.xml	2922	4	0	0	0	0	0	0	1	0	0	0	0	0	0	0	0	0	0	0	34	15	0	0	0	0	0	0
input/examples/zib-PainScore-01.xml	1166	4	0	0	0	0	0	0	0	134	0	0	0	0	0	0	0	0	0	0	33	13	0	0	0	0	0	0
input/examples/zib-ParticipationInSociety-01.xml	4160	6	0	0	0	0	0	0	0	0	0	0	0	0	0	0	0	0	0	0	32	11	0	0	0	0	0	0
input/examples/zib-Payer-01.xml	2596	4	0	0	0	0	0	0	0	0	0	0	0	0	0	0	0	0	0	0	35	25	0	0	0	0	0	0
input/examples/zib-Payer-02.xml	2410	4	0	0	0	0	0	0	0	0	0	0	0	0	0	0	0	0	0	0	32	23	0	0	0	0	0	0
input/examples/zib-Pregnancy-01.xml	1005	5	0	0	0	0	0	0	0	9	0	0	0	0	0	0	0	0	0	0	26	11	0	0	0	0	0	0
input/examples/zib-Pregnancy-Duration-01.xml	1420	5	1	0	0	0	0	0	1	143	0	0	0	0	0	0	0	0	0	0	30	18	0	0	0	0	0	0
input/examples/zib-Pregnancy-Gravidity-01.xml	1358	4	0	0	0	0	0	0	0	136	0	0	0	0	0	0	0	0	0	0	35	23	0	0	0	0	0	0
input/examples/zib-Pregnancy-Parity-01.xml	1348	6	0	0	0	0	0	0	0	18	0	0	0	0	0	0	0	0	0	0	30	19	0	0	0	0	0	0
input/examples/zib-Pregnancy-PregnancyStatus-01.xml	1232	4	0	0	0	0	0	0	0	17	0	0	0	0	0	0	0	0	0	0	28	19	0	0	0	0	0	0
input/examples/zib-Pregnancy-TermDate-01.xml	1264	5	0	0	0	0	0	0	0	15	0	0	0	0	0	0	0	0	0	0	31	13	0	0	0	0	0	0
input/examples/zib-PressureUlcer-01.xml	2071	4	0	0	0	0	0	0	0	22	0	0	0	0	0	0	0	0	0	0	33	13	0	0	0	0	0	0
input/examples/zib-Problem-01.xml	1793	7	0	0	0	0	0	0	0	0	0	0	0	0	0	0	0	0	0	0	29	14	0	0	0	0	0	0
input/examples/zib-Problem-02.xml	2707	6	0	0	0	0	0	0	1	0	0	0	0	0	0	0	0	0	0	0	34	12	0	0	0	0	0	0
input/examples/zib-Problem-03.xml	3317	5	0	0	0	0	0	0	0	0	0	0	0	0	0	0	0	0	0	0	35	19	0	0	0	0	0	0
input/examples/zib-Problem-04.xml	2242	6	0	0	0	0	0	0	0	0	0	0	0	0	0	0	0	0	0	0	31	13	0	0	0	0	0	0
input/examples/zib-Problem-05.xml	2278	5	0	0	0	0	0	0	0	0	0	0	0	0	0	0	0	0	0	0	29	15	0	0	0	0	0	0
input/examples/zib-Problem-06.xml	2347	4	0	0	0	0	0	0	0	0	0	0	0	0	0	0	0	0	0	0	31	10	0	0	0	0	0	0
input/examples/zib-Problem-07.xml	1797	5	0	0	0	0	0	0	1	0	0	0	0	0	0	0	0	0	0	0	27	11	0	0	0	0	0	0
input/examples/zib-Problem-08.xml	2239	7	0	0	0	0	0	0	0	0	0	0	0	0	0	0	0	0	0	0	29	15	0	0	0	0	0	0
input/examples/zib-Problem-09.xml	2575	5	0	0	0	0	0	0	0	0	0	0	0	0	0	0	0	0	0	0	31	10	0	0	0	0	0	0
input/examples/zib-Procedure-01.xml	4941	5	0	0	0	0	0	0	0	0	0	0	0	0	0	0	0	1	0	0	35	27	0	0	0	0	0	0
input/examples/zib-Procedure-02.xml	2742	5	0	0	0	0	0	0	1	1	0	0	0	0	0	0	0	0	0	0	36	26	0	0	0	0	0	0
input/examples/zib-ProcedureRequest-01.xml	2821	5	0	0	0	0	0	0	0	0	0	0	0	0	0	0	0	0	0	0	29	31	0	0	0	0	0	0
input/examples/zib-ProcedureRequest-02.xml	2546	4	0	0	0	0	0	0	0	0	0	0	0	0	0	0	0	0	0	0	29	24	0	0	0	0	0	0
input/examples/zib-PulseRate-01.xml	3668	7	0	0	0	0	0	0	0	0	0	0	0	0	0	0	0	0	0	0	33	16	0	0	0	0	0	0
input/examples/zib-Respiration-01.xml	3167	7	0	0	0	0	0	0	1	272	0	0	0	0	0	0	0	0	0	0	41	12	0	0	0	0	0	0
input/examples/zib-Respiration-AdministeredOxygen-AdministrationDevice-01.xml	933	3	0	0	0	0	0	0	0	6	0	0	0	0	0	0	0	0	0	0	32	19	0	0	0	0	0	0
input/examples/zib-Respiration-AdministeredOxygen-AdministrationDeviceProduct-01.xml	773	4	1	0	0	0	0	0	0	5	0	0	0	0	0	0	0	0	0	0	29	15	0	0	1	0	0	0
input/examples/zib-SNAQ65+Score-01.xml	3400	5	0	0	0	0	0	0	1	28	0	0	0	0	0	0	0	0	0	0	42	15	0	0	0	0	0	0
input/examples/zib-SNAQScore-01.xml	2729	5	0	0	0	0	0	0	0	70	0	0	0	0	0	0	0	0	0	0	37	13	0	0	0	0	0	0
input/examples/zib-SNAQrcScore-01.xml	3314	5	0	0	0	0	0	0	1	26	0	0	0	0	0	0	0	0	0	0	48	16	0	0	0	0	0	0
input/examples/zib-SkinDisorder-01.xml	1741	4	0	0	0	0	0	0	0	18	0	1	0	0	0	0	0	0	0	0	33	25	0	0	0	0	0	0
input/examples/zib-SkinDisorder-Cause-01.xml	834	4	0	0	0	0	0	0	0	8	0	0	0	0	0	0	0	0	0	0	32	14	0	0	0	0	0	2
input/examples/zib-Stoma-01.xml	3356	6	0	0	0	0	0	0	1	0	0	0	0	0	0	0	0	1	0	0	32	12	0	0	0	0	0	0
input/examples/zib-Stoma-02.xml	1803	4	0	0	0	0	0	0	0	15	0	0	0	0	0	0	0	0	0	0	32	12	0	0	0	0	0	0
input/examples/zib-Stoma-BladderFunction-01.xml	1426	5	0	0	0	0	0	0	1	14	0	0	0	0	0	0	0	0	0	0	40	18	0	0	0	0	0	0
input/examples/zib-Stoma-MedicalDevice-01.xml	1073	3	0	0	0	0	0	0	0	13	0	0	0	0	0	0	0	0	0	0	35	15	0	0	0	0	0	0
input/examples/zib-Stoma-MedicalDevice-Product-01.xml	595	4	0	0	0	0	0	0	0	3	0	0	0	0	0	0	0	0	0	0	37	20	0	0	0	0	0	0
input/examples/zib-StrongKidsScore-01.xml	3472	5	0	0	0	0	0	0	0	150	0	0	0	0	0	0	0	0	0	0	53	13	0	0	0	0	0	0
input/examples/zib-TobaccoUse-01.xml	5139	6	0	0	0	0	0	0	1	1	0	0	0	0	0	0	0	0	0	0	55	19	0	0	0	0	0	0
input/examples/zib-TreatmentDirective-01.xml	4521	6	0	0	0	0	0	0	1	0	0	0	0	0	0	0	0	0	0	0	50	29	0	0	0	0	0	0
input/examples/zib-TreatmentDirective-02.xml	4812	6	0	0	0	0	0	0	1	0	0	0	0	0	0	0	0	0	0	0	36	22	0	0	0	0	0	0
input/examples/zib-TreatmentObjective-01.xml	3340	5	0	0	0	0	0	0	0	0	0	0	0	0	0	0	0	0	0	0	39	23	0	0	0	0	0	0
input/examples/zib-TreatmentObjective-02.xml	1125	4	1	0	0	0	0	0	0	0	0	0	0	0	0	0	0	0	0	0	29	14	0	0	0	0	0	0
input/examples/zib-Vaccination-01.xml	2390	4	0	0	0	0	0	0	0	0	0	0	0	0	0	0	0	0	0	0	39	27	0	0	0	0	0	0
input/examples/zib-VaccinationRecommendation-01.xml	3533	6	0	0	0	0	0	0	1	0	0	0	0	0	0	0	0	0	0	0	32	40	0	0	0	0	0	0
input/examples/zib-VisualFunction-01.xml	1193	4	0	0	0	0	0	0	0	12	0	0	0	0	0	0	0	1	0	0	34	16	0	0	0	0	0	0
input/examples/zib-VisualFunction-VisualAid-01.xml	1158	4	0	0	0	0	0	0	0	12	0	0	0	0	0	0	0	0	0	0	38	23	0	0	0	0	0	0
input/examples/zib-VisualFunction-VisualAidProduct-01.xml	740	2	0	0	0	0	0	0	0	5	0	0	0	0	0	0	0	0	0	0	37	17	0	0	0	0	0	0
input/examples/zib-Wound-01.xml	1661	4	0	0	0	0	0	0	0	15	0	0	0	0	0	0	0	0	0	0	30	19	0	0	0	0	0	0
input/examples/zib-Wound-MedicalDevice-01.xml	1139	5	0	0	0	0	0	0	0	13	0	0	0	0	0	0	0	0	0	0	36	31	0	0	0	0	0	0
input/examples/zib-Wound-MedicalDeviceProduct-01.xml	719	4	0	0	0	0	0	0	0	5	0	0	0	0	0	0	0	0	0	0	35	28	0	0	0	0	0	0
input/profiles/SearchParameter-CarePlan-activity-goal.xml	1309	3	1	0	0	0	0	0	0	5	0	0	0	0	0	0	0	0	0	0	31	14	0	0	0	0	0	0
input/profiles/SearchParameter-CarePlan-activity-outcomereference.xml	1385	5	0	0	0	0	0	0	1	4	0	0	0	0	0	0	0	0	0	0	41	14	0	0	0	1	0	0
input/profiles/SearchParameter-CarePlan-medicaldevice.xml	1399	5	0	0	0	0	0	0	0	4	0	0	0	0	0	0	0	0	0	0	35	14	0	0	0	0	0	0
input/profiles/WoundCharacteristics.xml	19634	17	0	0	0	0	0	1611	0	289	0	0	2	0	0	1	0	11	0	0	1357	8260	0	1	0	23	0	2
input/profiles/bodysite-morphology.xml	1923	5	0	0	0	0	0	21	0	8	0	0	0	0	0	0	0	1	0	0	73	329	0	0	0	1	0	0
input/profiles/bodysite-qualifier.xml	2169	5	1	0	0	0	0	10	0	6	0	0	0	0	0	0	0	0	0	0	85	322	0	0	0	0	0	0
input/profiles/code-icpc-1-nl.xml	1711	7	0	0	0	0	0	33	0	9	0	0	0	0	0	0	0	1	0	0	112	474	0	0	0	2	0	0
input/profiles/conceptmap-AdresSoortCodelijst-to-AddressType.xml	3745	4	0	0	0	0	0	0	0	16	0	0	0	0	0	0	0	0	0	0	48	55	0	0	0	1	0	1
input/profiles/conceptmap-AdresSoortCodelijst-to-AddressUse.xml	3621	5	0	0	0	0	0	0	1	10	0	0	0	0	0	0	0	0	0	0	51	43	0	0	0	0	0	0
input/profiles/conceptmap-AllergieCategorieCodelijst-to-allergy-intolerance-category.xml	3884	5	1	0	0	0	0	0	1	11	0	0	0	0	0	0	0	0	0	0	51	46	0	0	1	1	0	0
input/profiles/conceptmap-AllergieStatusCodelijst-to-allergy-clinical-status.xml	3425	4	0	0	0	0	0	0	1	7	0	0	0	0	0	0	0	0	0	0	47	54	0	0	0	1	0	0
input/profiles/conceptmap-Condition-ClinicalStatusCodelijst-To-ProblemStatusCodelijst.xml	3244	5	0	0	0	0	0	0	0	5	0	0	0	0	0	0	0	0	0	0	39	52	0	0	0	1	0	0
input/profiles/conceptmap-ContactTypeCodelijst-to-ActEncounterCode.xml	3967	6	0	0	0	0	0	0	1	28	0	0	0	0	0	0	0	0	0	0	53	55	0	0	0	0	0	0
input/profiles/conceptmap-EmailSoortCodelijst-to-ContactPointSystem.xml	2314	6	0	0	0	0	0	0	0	6	0	0	0	0	0	0	0	0	0	0	39	43	0	0	0	1	0	0
input/profiles/conceptmap-EmailSoortCodelijst-to-ContactPointUse.xml	2208	5	0	0	0	0	0	0	1	10	0	0	0	0	0	0	0	1	0	0	43	51	0	0	0	1	0	0
input/profiles/conceptmap-ErnstCodelijst-to-AllergyIntoleranceSeverity.xml	2565	7	0	0	0	0	0	0	0	6	0	0	0	0	0	0	0	0	0	0	41	44	0	0	0	0	0	0
input/profiles/conceptmap-GeslachtCodelijst-to-AdministrativeGender.xml	2756	4	0	0	0	0	0	0	0	9	0	0	0	0	0	0	0	0	0	0	49	49	0	0	0	0	0	0
input/profiles/conceptmap-InterpretatieVlaggenCodelijst-To-Observation-Interpretation.xml	3132	4	1	0	0	0	0	0	1	6	0	0	0	0	0	0	0	0	0	0	59	48	0	0	0	1	0	0
input/profiles/conceptmap-MateVanKritiekZijnCodelijst-to-allergy-intolerance-criticality.xml	3598	7	0	0	0	0	0	0	1	6	0	0	0	0	0	0	0	0	0	0	64	54	0	0	0	1	0	0
input/profiles/conceptmap-NHGTable14-to-ActEncounterCode.xml	5854	6	0	0	0	0	0	0	2	8	0	0	0	0	0	0	0	0	0	0	67	41	0	0	0	1	0	0
input/profiles/conceptmap-NaamgebruikCodelijst-to-HumanNameAssemblyOrder.xml	2757	4	0	0	0	0	0	0	1	249	0	0	0	0	0	0	0	0	0	0	48	38	0	0	0	0	0	0
input/profiles/conceptmap-NummerSoortCodelijst-to-ContactPointUse.xml	2383	4	0	0	0	0	0	0	1	6	0	0	0	0	0	0	0	1	0	0	45	35	0	0	0	1	0	0
input/profiles/conceptmap-ProbleemStatusCodelijst-To-Condition-Clinical-Status-Codes.xml	3523	6	1	0	0	0	0	0	0	7	0	0	0	0	0	0	0	0	0	0	63	33	0	0	0	0	0	0
input/profiles/conceptmap-TelecomSoortCodelijst-to-ContactPointSystem.xml	2868	5	0	0	0	0	0	0	1	249	0	0	0	0	0	0	0	0	0	0	49	35	0	0	0	1	0	0
input/profiles/conceptmap-TelecomSoortCodelijst-to-ContactPointUse.xml	2361	5	0	0	0	0	0	0	0	9	0	0	0	0	0	0	0	0	0	0	60	47	0	0	0	1	0	0
input/profiles/conceptmap-VerificatieStatusCodelijst-to-ConditionVerificationStatus.xml	3394	6	0	0	0	0	0	0	1	11	0	0	0	0	0	0	0	0	0	0	60	44	0	0	0	0	0	0
input/profiles/condition-dateOfLastDressingChange.xml	1902	6	0	1	0	0	0	14	0	8	0	0	0	0	0	0	0	0	0	0	77	422	0	0	0	2	0	0
input/profiles/deviceUseStatement-reasonReferenceSTU3.xml	2625	6	1	0	0	0	0	18	0	8	0	0	0	0	0	0	0	0	0	0	97	395	0	0	0	1	0	0
input/profiles/episodeOfCare-DateFirstEncounter.xml	2176	6	0	0	0	0	0	15	0	7	0	0	0	0	0	0	0	0	0	0	85	264	0	0	0	1	0	0
input/profiles/episodeOfCare-DateLastEncounter.xml	2169	7	1	0	0	0	0	11	0	10	0	0	0	0	0	0	0	1	0	0	83	243	0	0	0	0	0	0
input/profiles/episodeOfCare-Title.xml	1796	5	1	0	0	0	0	13	0	8	0	0	0	0	0	0	0	0	0	0	71	225	0	0	0	1	0	0
input/profiles/extension-code-specification.xml	2423	5	0	0	0	0	0	10	0	7	0	0	0	0	0	0	0	0	0	0	74	233	0	0	0	1	0	0
input/profiles/extension-comment.xml	2098	6	1	0	0	0	0	11	0	10	0	0	0	0	0	0	0	0	0	0	68	219	0	0	0	2	0	0
input/profiles/extension-consent-additionalSources.xml	2220	4	0	0	0	0	0	15	0	7	0	0	0	0	0	0	0	0	0	0	89	192	0	0	1	1	0	0
input/profiles/extension-medicaldevice.xml	1914	6	1	0	0	0	0	12	0	8	0	0	0	0	0	0	0	1	0	0	67	171	0	0	0	1	0	1
input/profiles/extension-patient-proficiency-stu3.xml	4395	6	1	0	0	0	0	12	0	13	0	0	0	0	0	0	0	0	0	0	146	365	0	0	0	2	0	0
input/profiles/gp-DiagnosticResult.xml	2200	5	0	0	0	0	0	61	0	24	0	0	0	0	0	0	0	2	0	0	268	871	0	1	1	8	1	0
input/profiles/gp-Encounter.xml	2707	6	1	0	0	0	0	65	0	19	0	0	0	0	0	0	0	2	0	0	299	1196	0	0	0	8	0	1
input/profiles/gp-EncounterReport.xml	6962	7	1	0	0	0	0	60	0	26	0	0	1	0	0	0	0	1	0	0	288	955	0	0	0	9	0	1
input/profiles/gp-JournalEntry.xml	8633	7	1	0	0	0	0	102	1	41	0	0	0	0	0	0	0	3	0	0	470	1755	0	0	0	11	0	1
input/profiles/gp-LaboratoryResult.xml	2214	6	1	0	0	0	0	195	0	19	0	0	1	0	0	0	0	2	0	0	351	1352	0	0	0	9	0	1
input/profiles/nl-core-address-official.xml	2272	5	1	0	0	0	0	12	0	5	0	0	0	0	0	0	0	0	0	0	77	162	0	0	0	3	0	0
input/profiles/nl-core-address.xml	32748	16	0	0	0	0	0	34	0	40	0	0	0	0	0	0	0	1	0	0	382	963	0	0	0	10	0	1
input/profiles/nl-core-careplan.xml	26800	17	1	0	0	0	0	217	0	77	0	0	1	0	0	0	0	3	0	0	658	2238	0	1	0	18	1	1
input/profiles/nl-core-careteam.xml	7832	9	1	0	0	0	0	19	0	17	0	0	0	0	0	0	0	1	0	0	220	511	0	0	0	5	0	0
input/profiles/nl-core-contactpoint.xml	30832	16	1	0	0	0	0	29	0	34	0	0	0	0	0	0	0	1	0	0	293	553	0	0	0	6	0	1
input/profiles/nl-core-episodeofcare.xml	6702	9	0	0	0	0	0	20	0	20	0	0	0	0	0	0	0	0	0	0	194	940	0	0	0	4	0	0
input/profiles/nl-core-healthcareservice.xml	3755	7	1	0	0	0	0	19	0	15	0	0	0	0	0	0	0	1	0	0	180	483	0	0	0	4	0	1
input/profiles/nl-core-humanname.xml	22205	12	0	0	0	0	0	23	0	30	0	0	1	0	0	0	0	1	0	0	261	628	0	0	0	6	0	0
input/profiles/nl-core-location.xml	5760	7	1	0	0	0	0	16	0	19	0	0	0	0	0	0	0	2	0	0	190	460	0	0	0	4	0	1
input/profiles/nl-core-observation.xml	5070	8	0	0	0	0	0	0	0	26	0	0	0	0	0	0	0	3	0	0	245	1086	0	0	0	7	0	0
input/profiles/nl-core-organization.xml	17581	35	1	0	0	0	0	22	0	37	0	0	0	0	0	0	0	3	0	0	321	1386	0	0	0	9	0	1
input/profiles/nl-core-patient.xml	43150	23	1	0	0	0	0	65	0	121	0	0	1	0	0	0	0	10	0	0	896	3196	0	0	0	28	1	3
input/profiles/nl-core-person.xml	17702	14	1	0	0	0	0	59	0	37	0	0	0	0	0	0	0	2	0	0	239	682	0	0	0	7	0	0
input/profiles/nl-core-practitioner.xml	11407	8	1	0	0	0	0	30	0	36	0	0	0	0	0	0	0	3	0	0	268	1045	0	0	0	7	0	1
input/profiles/nl-core-practitionerrole.xml	9672	7	1	0	0	0	0	37	0	29	0	0	0	0	0	0	0	2	0	0	217	495	0	0	0	5	0	0
input/profiles/nl-core-preferred-pharmacy.xml	1603	5	0	0	0	0	0	10	0	9	0	0	0	0	0	0	0	1	0	0	60	150	0	0	0	1	0	0
input/profiles/nl-core-relatedperson-role.xml	1967	5	1	0	0	0	0	12	0	8	0	0	0	0	0	0	0	0	0	0	69	202	0	0	0	2	0	0
input/profiles/nl-core-relatedperson.xml	13991	11	1	0	0	0	0	23	0	25	0	0	1	0	0	0	0	2	0	0	209	461	0	0	0	5	0	1
input/profiles/nl-namingsystem-agbz.xml	1016	5	0	0	0	0	24	0	0	6	89	0	0	0	0	0	0	0	0	0	30	11	0	0	0	0	0	0
input/profiles/nl-namingsystem-bsn.xml	1004	3	1	0	0	0	6	0	0	4	9	0	0	0	0	0	0	0	0	0	33	7	0	0	0	1	0	0
input/profiles/nl-namingsystem-rolecodenl-zorgaanbiedertype.xml	1064	4	0	0	0	0	5	0	0	4	12	0	0	0	0	0	0	0	0	0	32	12	0	0	0	1	0	0
input/profiles/nl-namingsystem-ura.xml	1123	5	1	0	0	0	6	0	1	4	14	0	0	0	0	0	0	0	0	0	33	10	0	0	0	0	0	0
input/profiles/nl-namingsystem-uzi-personen.xml	1104	4	1	0	0	0	6	0	0	4	18	0	0	0	0	0	0	0	0	0	29	11	0	0	0	1	0	0
input/profiles/nl-namingsystem-uzi-systemen.xml	1071	4	0	0	0	0	6	0	0	5	19	0	0	0	0	0	0	0	0	0	33	12	0	0	0	0	0	0
input/profiles/nl-namingsystem-uzovi.xml	1050	5	1	0	0	0	6	0	0	5	15	0	0	0	0	0	0	0	0	0	26	11	0	0	0	0	0	0
input/profiles/observation-focusSTU3.xml	2781	6	0	0	0	0	0	13	0	8	0	0	0	0	0	0	0	0	0	0	68	175	0	1	0	2	0	0
input/profiles/observation-woundImage.xml	1379	6	1	0	0	0	0	14	0	81	0	0	0	0	0	0	0	0	0	0	57	213	0	0	0	1	0	0
input/profiles/observation-zibNursingInterventionReference.xml	1987	9	0	0	0	0	0	14	0	11	0	0	0	0	0	0	0	0	0	0	61	308	0	0	1	1	0	0
input/profiles/observation-zibStomaReference.xml	2603	6	0	0	0	0	0	12	0	9	0	0	0	0	0	0	0	0	0	0	60	269	0	0	0	1	0	0
input/profiles/patient-legalstatus.xml	3273	8	0	0	0	0	0	9	0	10	0	0	0	0	0	0	0	0	0	0	61	261	0	0	0	1	0	0
input/profiles/pdfa-Nictiz.IHE.MHD.DocumentManifest.xml	5699	9	0	0	0	0	0	46	0	0	0	0	0	0	0	0	0	1	0	0	106	369	0	0	0	2	0	1
input/profiles/pdfa-Nictiz.IHE.MHD.List.xml	5135	7	1	0	0	0	0	28	0	0	0	0	0	0	0	0	0	0	0	0	105	705	0	0	0	2	0	0
input/profiles/pdfa-Nictiz.IHE.MHD.Provide.Minimal.DocumentReference.xml	12200	11	0	0	0	0	0	23	0	0	0	0	0	0	0	0	0	2	0	0	186	1336	0	0	0	6	1	1
input/profiles/pdfa-Nictiz.IHE.MHD.ProvideDocumentBundle.Minimal.xml	6483	12	0	0	0	0	0	213	0	0	0	0	1	0	0	0	0	2	0	0	342	1728	0	0	0	7	0	1
input/profiles/practitionerrole-reference.xml	3076	5	1	0	0	0	0	10	0	8	0	0	0	0	0	0	0	0	0	0	74	164	0	0	0	2	0	0
input/profiles/vitalsigns-bloodglucose.xml	18998	14	1	0	0	0	0	122	0	93	0	0	1	0	0	0	0	5	0	0	809	1761	0	0	0	20	0	1
input/profiles/vitalsigns-bodyheight.xml	3472	6	1	0	0	0	0	60	0	32	0	0	0	0	0	0	0	2	0	0	342	1063	0	0	0	8	0	1
input/profiles/vitalsigns-bodytemp.xml	3834	7	0	0	0	0	0	25	0	34	0	0	1	0	0	0	0	2	0	0	312	892	0	0	0	8	1	0
input/profiles/vitalsigns-bodyweight.xml	3423	6	1	0	0	0	0	24	0	33	0	0	0	0	0	0	0	3	0	0	333	902	0	0	0	10	0	1
input/profiles/vitalsigns-headcircumference.xml	3158	6	0	0	0	0	0	24	0	27	0	0	0	0	0	0	0	3	0	0	287	955	0	0	0	10	0	1
input/profiles/vitalsigns-heartrate.xml	3297	6	0	0	0	0	0	25	0	23	0	0	1	0	0	0	0	1	0	0	283	1477	0	0	0	10	0	1
input/profiles/vitalsigns-oxygensat.xml	2935	6	1	0	0	0	0	25	0	28	0	0	0	0	0	0	0	2	0	0	348	1213	0	0	0	9	1	1
input/profiles/vitalsigns.xml	12444	11	0	0	0	0	0	0	0	58	0	0	0	0	0	0	0	1	0	0	386	819	0	0	0	12	0	0
input/profiles/zib-AbilityToDressOneself.xml	7335	6	1	0	0	0	0	29	0	46	0	0	0	0	0	0	0	2	0	0	438	1183	0	0	0	10	0	1
input/profiles/zib-AbilityToDrink.xml	7259	7	0	0	0	0	0	39	0	47	0	0	0	0	0	0	0	2	0	0	352	1172	0	0	0	11	0	1
input/profiles/zib-AbilityToEat.xml	7060	8	1	0	0	0	0	44	0	46	0	0	0	0	0	0	0	2	0	0	355	856	0	0	0	11	0	0
input/profiles/zib-AbilityToGroome.xml	5714	7	1	0	0	0	0	39	0	36	0	0	0	0	0	0	0	1	0	0	302	1162	0	0	0	9	0	1
input/profiles/zib-AbilityToManageMedication.xml	6496	8	1	0	0	0	0	43	0	41	0	0	0	0	0	0	0	2	0	0	396	732	0	0	0	10	1	0
input/profiles/zib-AbilityToPerformMouthcareActivities-MedicalDevice.xml	4861	5	1	0	0	0	0	78	0	27	0	0	1	0	0	0	0	1	0	0	259	638	0	0	0	6	0	1
input/profiles/zib-AbilityToPerformMouthcareActivities-MedicalDeviceProduct.xml	4122	5	0	0	0	0	0	31	0	30	0	0	0	0	0	0	0	1	0	0	287	847	0	0	0	6	0	0
input/profiles/zib-AbilityToPerformMouthcareActivities.xml	6646	6	1	0	1	0	0	59	0	35	0	0	0	0	0	0	0	1	0	0	290	1082	0	0	0	8	0	0
input/profiles/zib-AbilityToPerformNursingActivities.xml	6928	9	1	0	0	0	0	27	0	42	0	0	0	0	0	0	0	2	0	0	356	1121	0	0	0	10	0	1
input/profiles/zib-AbilityToUseToilet.xml	8029	6	1	0	0	0	0	31	0	92	0	0	0	0	0	0	0	2	0	0	365	900	0	1	0	11	0	1
input/profiles/zib-AbilityToWashOneSelf.xml	7346	6	1	0	0	0	0	39	0	58	0	0	0	0	0	0	0	3	0	0	367	722	0	0	0	11	0	0
input/profiles/zib-AdvanceDirective-Disorder.xml	1733	6	0	0	0	0	0	15	0	12	0	0	0	0	0	0	0	0	0	0	62	161	0	0	0	1	0	0
input/profiles/zib-AdvanceDirective.xml	15949	13	0	0	0	0	0	97	0	95	0	0	1	0	0	0	0	3	0	0	394	827	0	0	0	10	0	1
input/profiles/zib-AlcoholUse.xml	11749	10	1	0	0	0	0	45	0	57	0	0	0	0	0	0	0	1	0	0	406	898	0	0	0	17	0	1
input/profiles/zib-Alert.xml	14655	9	0	0	0	0	0	55	0	34	0	0	0	0	0	0	0	1	0	0	238	403	0	1	0	9	0	1
input/profiles/zib-AllergyIntolerance.xml	41437	20	0	0	0	0	0	146	0	133	0	0	0	0	0	0	0	2	0	0	721	1066	0	1	0	23	0	1
input/profiles/zib-ApgarScore.xml	31495	18	1	0	0	0	0	127	0	207	0	0	0	0	0	0	0	3	0	0	1294	3105	0	0	0	24	0	2
input/profiles/zib-BladderFunction-UrineCatheter-Product.xml	1794	3	0	0	0	0	0	25	0	13	0	0	1	0	0	0	0	1	0	0	203	1023	0	0	0	6	1	1
input/profiles/zib-BladderFunction-UrineCatheter.xml	2953	4	0	0	0	0	0	37	0	14	0	0	0	0	0	0	0	1	0	0	183	647	0	0	0	6	0	1
input/profiles/zib-BladderFunction.xml	7172	8	1	0	0	0	0	19	0	23	0	0	0	0	0	0	0	2	0	0	320	629	0	0	0	9	0	0
input/profiles/zib-BloodPressure.xml	30159	18	1	0	0	0	0	282	0	84	0	0	0	0	0	0	0	5	0	0	1200	2469	0	0	0	23	0	3
input/profiles/zib-BodyHeight.xml	8513	26	0	0	0	0	0	53	0	23	0	0	0	0	0	0	0	1	0	0	396	895	0	0	0	10	0	1
input/profiles/zib-BodyTemperature.xml	8198	12	1	0	0	0	0	26	0	19	0	0	0	0	0	0	0	1	0	0	282	928	0	0	0	10	0	1
input/profiles/zib-BodyWeight.xml	9360	10	1	0	0	0	0	41	0	23	0	0	0	0	0	0	0	2	0	0	391	1062	0	0	0	11	0	1
input/profiles/zib-BowelFunction.xml	9995	10	0	0	0	0	0	83	0	40	0	0	1	0	0	0	0	1	0	0	805	1336	0	0	0	10	0	1
input/profiles/zib-BurnWound-BurnWoundType.xml	1855	4	1	0	0	0	0	15	0	7	0	0	0	0	0	0	0	0	0	0	87	173	0	0	0	2	0	0
input/profiles/zib-BurnWound-Extent.xml	3153	6	1	0	0	0	0	30	0	11	0	0	0	0	0	0	0	1	0	0	148	198	0	0	0	1	0	0
input/profiles/zib-BurnWound.xml	12632	9	0	0	0	0	0	133	0	51	0	0	0	0	0	0	0	1	0	0	419	658	0	0	0	9	0	1
input/profiles/zib-ChecklistPainBehaviour.xml	23084	14	1	0	0	0	0	548	0	150	0	0	1	0	0	0	0	9	0	0	1660	2414	0	0	0	31	1	3
input/profiles/zib-ComfortScale.xml	18598	12	1	0	0	0	0	289	0	78	0	0	0	0	0	0	0	7	0	0	1091	1393	0	1	0	43	0	2
input/profiles/zib-DevelopmentChild.xml	14744	9	1	0	0	0	0	71	0	57	0	0	0	0	0	0	0	2	0	0	637	1555	0	0	0	17	0	2
input/profiles/zib-DrugUse.xml	16509	9	0	0	0	0	0	125	0	48	0	0	0	0	0	0	0	4	0	0	598	1152	0	0	0	16	0	1
input/profiles/zib-Encounter.xml	20110	11	1	0	0	0	0	0	0	36	0	0	1	0	0	0	0	3	0	0	393	705	0	0	0	13	0	1
input/profiles/zib-FLACCPainScale.xml	15078	11	1	0	0	0	0	183	0	63	0	0	0	0	0	0	0	4	0	0	712	1267	0	1	0	23	0	2
input/profiles/zib-FamilySituation-LivingAtHomeIndicator.xml	2349	5	0	0	0	0	0	10	0	6	0	0	0	0	0	0	0	0	0	0	65	150	0	0	0	1	0	0
input/profiles/zib-FamilySituation.xml	16849	9	1	0	0	0	0	164	0	62	0	0	1	0	0	0	0	3	0	0	759	1566	0	0	0	22	0	2
input/profiles/zib-FamilySituationChild-RelatedPerson.xml	2040	4	0	0	0	0	0	10	0	6	0	0	0	0	0	0	0	0	0	0	66	132	0	0	0	2	0	0
input/profiles/zib-FamilySituationChild.xml	18604	24	1	0	0	0	0	169	0	65	0	0	0	0	0	0	0	4	0	0	781	1287	0	0	0	22	0	2
input/profiles/zib-FeedingPatternInfant-FeedingMethod.xml	1935	8	0	0	0	0	0	13	0	9	0	0	0	0	0	0	0	0	0	0	69	125	0	0	0	2	0	0
input/profiles/zib-FeedingPatternInfant.xml	11192	14	0	0	0	0	0	141	0	42	0	0	1	0	0	0	0	3	0	0	656	920	0	0	0	18	1	1
input/profiles/zib-FeedingTubeSystem-EnteralNutrition.xml	2532	8	1	0	0	0	0	21	0	8	0	0	0	0	0	0	0	0	0	0	68	112	0	1	0	2	0	0
input/profiles/zib-FeedingTubeSystem-FeedingTubeLength.xml	2343	6	1	0	0	0	0	8	0	7	0	0	0	0	0	0	0	0	0	0	69	119	0	0	0	1	0	0
input/profiles/zib-FeedingTubeSystem-Product.xml	2683	7	1	0	0	0	0	19	0	16	0	0	0	0	0	0	0	1	0	0	223	575	0	0	0	7	0	1
input/profiles/zib-FeedingTubeSystem.xml	6814	10	1	0	0	0	0	14	0	19	0	0	0	0	0	0	0	1	0	0	229	431	0	0	0	7	0	0
input/profiles/zib-FluidBalance.xml	7843	13	1	0	0	0	0	38	0	34	0	0	1	0	0	0	0	2	0	0	415	708	0	0	0	13	0	1
input/profiles/zib-FreedomRestrictingMeasures-LegallyCapable.xml	5084	6	2	0	0	0	0	25	0	10	0	0	0	0	0	0	0	0	0	0	116	153	0	0	0	3	0	0
input/profiles/zib-FreedomRestrictingMeasures-Permission.xml	3374	6	1	0	0	0	0	11	0	7	0	0	0	0	0	0	0	1	0	0	69	105	0	0	0	2	0	0
input/profiles/zib-FreedomRestrictingMeasures.xml	17467	16	2	0	0	0	0	116	0	57	0	0	0	0	0	0	0	2	0	0	524	821	0	1	0	15	0	1
input/profiles/zib-FunctionalOrMentalStatus-MedicalDevice.xml	2343	6	1	0	0	0	0	4	0	7	0	0	0	0	0	0	0	0	0	0	63	136	0	0	0	2	0	0
input/profiles/zib-FunctionalOrMentalStatus.xml	17510	14	1	0	0	0	0	28	0	44	0	0	0	0	0	0	0	2	0	0	475	921	0	0	0	17	0	1
input/profiles/zib-GeneralMeasurement.xml	8277	10	1	0	0	0	0	0	0	101	0	0	1	0	0	0	0	1	0	0	278	637	0	0	0	9	0	0
input/profiles/zib-HeadCircumference.xml	5605	9	1	0	0	0	0	36	0	22	0	0	0	0	0	0	0	1	0	0	342	831	0	0	0	11	0	1
input/profiles/zib-HearingFunction-HearingAid-Product.xml	2759	5	1	0	0	0	0	27	0	15	0	0	0	0	0	0	0	1	0	0	217	541	0	0	0	9	0	0
input/profiles/zib-HearingFunction-HearingAid.xml	4567	8	1	0	0	0	0	22	0	15	0	0	0	0	0	0	0	1	0	0	210	425	0	1	0	7	1	0
input/profiles/zib-HearingFunction.xml	5212	8	1	0	0	0	0	25	0	19	0	0	0	0	0	0	0	2	0	0	307	538	0	0	0	10	0	1
input/profiles/zib-HeartRate.xml	8729	10	1	0	0	0	0	23	0	22	0	0	0	0	0	0	0	1	0	0	348	713	0	0	0	13	1	0
input/profiles/zib-HelpFromOthers.xml	12944	13	1	0	0	0	0	58	0	35	0	0	0	0	0	0	0	1	0	0	411	666	0	0	0	12	0	1
input/profiles/zib-IllnessPerception.xml	7144	10	0	0	0	0	0	91	0	39	0	0	1	0	0	0	0	2	0	0	771	776	0	1	0	14	0	0
input/profiles/zib-LaboratoryTestResult-DiagnosticReport.xml	21042	15	0	0	0	0	0	68	0	34	0	0	0	0	0	0	0	1	0	0	597	552	0	1	0	12	0	1
input/profiles/zib-LaboratoryTestResult-Observation.xml	29838	21	1	0	0	0	0	1	0	40	0	0	0	0	0	0	0	2	0	0	953	678	0	1	0	15	1	1
input/profiles/zib-LaboratoryTestResult-Specimen-Isolate.xml	17315	13	0	0	0	0	0	22	0	29	0	0	0	0	0	0	0	1	0	0	343	437	0	0	0	9	0	0
input/profiles/zib-LaboratoryTestResult-Specimen.xml	17647	30	0	0	0	0	0	21	0	24	0	0	0	0	0	0	0	1	0	0	304	502	0	1	0	9	0	0
input/profiles/zib-LaboratoryTestResult-Substance.xml	2500	4	0	0	0	0	0	19	0	11	0	0	0	0	0	0	0	0	0	0	111	236	0	0	0	3	0	1
input/profiles/zib-LifeStance.xml	2801	5	1	0	0	0	0	15	0	10	0	0	0	0	0	0	0	0	0	0	104	194	0	0	0	3	0	0
input/profiles/zib-LivingSituation.xml	7009	7	0	0	0	0	0	32	0	23	0	0	0	0	0	0	0	1	0	0	295	788	0	0	0	9	0	0
input/profiles/zib-MUSTScore.xml	12826	10	0	0	0	1	0	97	0	47	0	0	1	0	0	0	0	2	0	0	757	1130	0	0	0	15	0	1
input/profiles/zib-MedicalDevice-Organization.xml	2288	4	0	0	0	0	0	10	0	7	0	0	0	0	0	0	0	0	0	0	72	150	0	0	0	1	0	0
input/profiles/zib-MedicalDevice-Practitioner.xml	2304	4	1	0	0	0	0	13	0	9	0	0	0	0	0	0	0	0	0	0	79	140	0	0	0	1	0	0
input/profiles/zib-MedicalDevice-Problem.xml	2137	3	0	0	0	0	0	10	0	8	0	0	0	0	0	0	0	0	0	0	69	122	0	0	0	2	0	0
input/profiles/zib-MedicalDevice.xml	14944	9	0	0	0	0	0	0	0	27	0	0	0	0	0	0	0	2	0	0	362	451	0	1	1	7	0	1
input/profiles/zib-MedicalDeviceProduct.xml	12530	7	1	0	0	0	0	0	0	30	0	0	0	0	0	1	0	1	0	0	378	541	0	0	0	8	0	0
input/profiles/zib-MedicalDeviceRequest.xml	21029	13	0	0	0	0	0	75	0	40	0	0	0	0	0	0	0	2	0	0	403	617	0	0	0	11	0	1
input/profiles/zib-Mobility.xml	11853	8	0	0	0	0	0	71	0	47	0	0	0	0	0	0	0	2	0	0	577	912	0	0	0	14	0	0
input/profiles/zib-NursingIntervention-Interval.xml	2146	5	0	0	0	0	0	12	0	6	0	0	0	0	0	0	0	0	0	0	69	114	0	0	0	1	0	1
input/profiles/zib-NursingIntervention-Requester.xml	2478	6	1	0	0	0	0	12	0	7	0	0	0	0	0	0	0	0	0	0	71	122	0	1	0	1	0	0
input/profiles/zib-NursingIntervention.xml	21480	13	0	0	0	0	0	151	0	39	0	0	1	0	0	0	0	2	0	0	492	672	0	0	0	11	0	0
input/profiles/zib-NutritionAdvice-Explanation.xml	2106	4	1	0	0	0	0	13	0	6	0	0	0	0	0	0	0	0	0	0	64	122	0	0	0	1	0	0
input/profiles/zib-NutritionAdvice.xml	11879	11	0	0	0	0	0	79	0	25	0	0	0	0	0	0	0	1	0	0	380	580	0	0	0	9	0	1
input/profiles/zib-OutcomeOfCare.xml	8754	9	0	0	0	0	0	65	0	31	0	0	0	0	0	0	0	1	0	0	349	570	0	0	0	7	1	0
input/profiles/zib-OxygenSaturation.xml	9688	8	1	0	0	0	0	58	0	28	0	0	0	0	0	0	0	2	0	0	420	996	0	0	0	11	0	1
input/profiles/zib-PainScore.xml	8873	8	0	0	0	0	0	82	0	27	0	0	0	0	0	0	0	2	0	0	362	898	0	0	0	10	0	1
input/profiles/zib-ParticipationInSociety.xml	9504	9	0	0	0	0	0	121	0	58	0	0	1	0	0	0	0	1	0	0	545	1050	0	0	0	13	0	0
input/profiles/zib-Payer-BankInformation.xml	4393	7	1	0	0	0	0	28	0	20	0	0	0	0	0	0	0	1	0	0	190	252	0	1	0	2	0	0
input/profiles/zib-Payer.xml	13688	11	1	0	0	0	0	59	0	31	0	0	0	0	0	0	0	1	0	0	377	526	0	0	0	7	0	1
input/profiles/zib-Pregnancy-DateLastMenstruation.xml	5399	6	0	0	0	0	0	44	0	23	0	0	0	0	0	0	0	0	0	0	475	573	0	0	0	9	0	0
input/profiles/zib-Pregnancy-Gravidity.xml	5355	5	1	0	0	0	0	43	0	27	0	0	0	0	0	0	0	0	0	0	392	590	0	0	0	9	0	1
input/profiles/zib-Pregnancy-Parity.xml	5316	6	1	0	0	0	0	54	0	24	0	0	0	0	0	0	0	0	0	0	354	721	0	0	0	8	0	1
input/profiles/zib-Pregnancy-PregnancyDuration.xml	5830	6	1	0	0	0	0	32	0	29	0	0	0	0	0	0	0	1	0	0	329	588	0	0	0	9	1	0
input/profiles/zib-Pregnancy-PregnancyStatus.xml	5006	5	0	0	0	0	0	34	0	30	0	0	1	0	0	0	0	0	0	0	313	596	0	0	0	8	0	1
input/profiles/zib-Pregnancy-TermDate.xml	5440	6	1	0	0	0	0	37	0	27	0	0	0	0	0	0	0	0	0	0	331	530	0	0	0	9	0	0
input/profiles/zib-Pregnancy.xml	4155	5	0	0	0	0	0	43	0	25	0	0	0	0	0	0	0	1	0	0	288	611	0	0	0	9	0	1
input/profiles/zib-PressureUlcer.xml	9668	7	1	0	0	0	0	15	0	27	0	0	0	0	0	0	0	0	0	0	304	648	0	1	0	8	0	0
input/profiles/zib-Problem.xml	22429	11	0	0	0	0	0	0	0	167	0	0	0	0	0	0	0	1	0	0	353	773	0	0	0	11	0	1
input/profiles/zib-Procedure.xml	24786	12	1	0	0	0	0	17	0	46	0	0	0	0	0	0	0	0	0	0	397	881	0	0	0	12	0	0
input/profiles/zib-ProcedureRequest.xml	26423	11	0	0	0	0	0	25	0	65	0	0	0	0	0	0	0	0	0	0	472	942	0	1	0	17	0	1
input/profiles/zib-PulseRate.xml	8390	8	1	0	0	0	0	34	0	42	0	0	0	0	0	0	0	1	0	0	398	1035	0	0	0	14	0	1
input/profiles/zib-Respiration-AdministeredOxygen-AdministrationDevice.xml	3444	4	1	0	0	0	0	21	0	24	0	0	1	0	0	0	0	0	0	0	198	449	0	0	0	5	0	0
input/profiles/zib-Respiration-AdministeredOxygen-AdministrationDeviceProduct.xml	2810	5	0	0	0	0	0	24	0	27	0	0	0	0	0	0	0	1	0	0	210	535	0	0	0	7	0	0
input/profiles/zib-Respiration-AdministeredOxygen.xml	4389	5	1	0	0	0	0	15	0	19	0	0	0	0	0	0	0	0	0	0	125	212	0	0	0	3	0	0
input/profiles/zib-Respiration.xml	15814	12	0	0	0	0	0	64	0	92	0	0	0	0	0	0	0	0	0	0	694	1105	0	1	0	19	1	1
input/profiles/zib-SNAQ65+Score.xml	15158	10	1	0	0	0	0	109	0	65	0	0	0	0	0	0	0	1	0	0	684	1196	0	0	0	19	0	1
input/profiles/zib-SNAQScore.xml	13337	9	0	0	0	0	0	107	0	45	0	0	0	0	0	0	0	1	0	0	637	1013	0	0	0	17	0	0
input/profiles/zib-SNAQrcScore.xml	14994	11	0	0	0	0	0	205	0	52	0	0	0	0	0	0	0	1	0	0	781	1476	0	0	0	16	0	1
input/profiles/zib-SkinDisorder.xml	9276	10	1	0	0	0	0	45	0	26	0	0	0	0	0	0	0	0	0	0	330	680	0	0	0	10	0	0
input/profiles/zib-Stoma.xml	11308	10	0	0	0	0	0	62	0	30	0	0	0	0	0	0	0	1	0	0	427	681	0	0	0	10	0	1
input/profiles/zib-StrongKidsScore.xml	14883	9	1	0	0	0	0	85	0	53	0	0	1	0	0	0	0	1	0	0	817	1147	0	0	0	17	0	1
input/profiles/zib-TextResult.xml	14532	11	1	0	0	0	0	0	0	19	0	0	0	0	0	0	0	1	0	0	293	457	0	1	0	7	0	0
input/profiles/zib-TobaccoUse.xml	16795	10	0	0	0	0	0	96	0	47	0	0	0	0	0	0	0	0	0	0	705	1343	0	0	0	14	0	1
input/profiles/zib-TreatmentDirective-Restrictions.xml	1755	5	0	0	0	0	0	14	0	8	0	0	0	0	0	0	0	0	0	0	75	113	0	0	0	2	0	0
input/profiles/zib-TreatmentDirective-Treatment.xml	1913	5	1	0	0	0	0	8	0	5	0	0	0	0	0	0	0	0	0	0	64	135	0	0	0	1	0	0
input/profiles/zib-TreatmentDirective-TreatmentPermitted.xml	2137	4	0	0	0	0	0	20	0	7	0	0	0	0	0	0	0	0	0	0	65	158	0	0	0	2	0	0
input/profiles/zib-TreatmentDirective-Verification.xml	4630	7	0	0	0	0	0	16	0	13	0	0	0	0	0	0	0	1	0	0	170	323	0	0	0	2	0	0
input/profiles/zib-TreatmentDirective.xml	30023	16	0	0	0	0	0	108	0	46	0	0	0	0	0	0	0	0	0	0	712	989	0	1	0	14	1	0
input/profiles/zib-TreatmentObjective.xml	9249	7	1	0	0	0	0	9	0	13	0	0	0	0	0	0	0	1	0	0	183	386	0	0	0	4	0	1
input/profiles/zib-Vaccination.xml	18398	13	0	0	0	0	0	45	0	35	0	0	0	0	0	0	0	0	0	0	382	672	0	1	0	10	0	0
input/profiles/zib-VaccinationRecommendation-OrderStatus.xml	2221	5	1	0	0	0	0	7	0	9	0	0	0	0	0	0	0	0	0	0	68	120	0	0	0	1	0	0
input/profiles/zib-VaccinationRecommendation.xml	14906	25	0	0	0	0	0	34	0	25	0	0	1	0	0	0	0	0	0	0	286	422	0	0	0	6	0	0
input/profiles/zib-VisualFunction-VisualAid.xml	3338	6	1	0	0	0	0	18	0	16	0	0	0	0	0	0	0	0	0	0	195	471	0	0	0	5	0	0
input/profiles/zib-VisualFunction-VisualAidProduct.xml	2801	5	0	0	0	0	0	13	0	15	0	0	0	0	0	0	0	1	0	0	201	550	0	0	0	5	0	1
input/profiles/zib-VisualFunction.xml	5233	6	0	0	0	0	0	17	0	19	0	0	0	0	0	0	0	0	0	0	268	684	0	0	0	7	0	0
input/profiles/zib-Wound-MedicalDevice.xml	1840	5	1	0	0	0	0	12	0	12	0	0	0	0	0	0	0	0	0	0	176	416	0	0	0	4	0	0
input/profiles/zib-Wound-MedicalDeviceProduct.xml	1846	3	0	0	0	0	0	10	0	15	0	0	0	0	0	0	0	0	0	0	211	690	0	0	0	5	0	1
input/profiles/zib-Wound.xml	8420	10	1	0	0	0	0	11	0	21	0	0	0	0	0	0	0	1	0	0	369	600	0	1	0	7	0	0
input/resources/AanvullendeGebruiksinstructie-2.16.840.1.113883.2.4.3.11.60.20.77.11.9--20160407000000.xml	1607	5	0	0	0	0	0	0	0	42	0	0	0	0	0	0	0	0	0	0	35	4909	0	0	0	1	0	0
input/resources/AanvullendeWensenCodelijst-2.16.840.1.113883.2.4.3.11.60.40.2.9.10.1--20171231000000.xml	3157	4	1	0	0	0	0	0	0	803	0	0	0	0	0	0	0	0	0	0	33	578	0	0	0	0	0	0
input/resources/ActiviteitCodelijst-2.16.840.1.113883.2.4.3.11.60.40.2.12.13.3--20171231000000.xml	3871	6	0	0	0	0	0	0	1	637	0	0	0	0	0	0	0	0	0	0	43	589	0	0	0	0	0	0
input/resources/AdemhalingScoreCodelijst-2.16.840.1.113883.2.4.3.11.60.40.2.12.16.1--20171231000000.xml	3830	5	1	0	0	0	0	0	0	259	0	0	0	0	0	0	0	0	0	0	39	254	0	0	0	1	0	0
input/resources/AdemhalingsreactieCodelijst-2.16.840.1.113883.2.4.3.11.60.40.2.12.12.3--20171231000000.xml	5302	5	0	0	0	0	0	0	1	649	0	0	0	0	0	0	0	0	0	0	40	549	0	0	0	0	0	0
input/resources/AdresSoortCodelijst-2.16.840.1.113883.2.4.3.11.60.40.2.20.5.3--20171231000000.xml	4698	7	0	0	0	0	0	0	0	7	0	0	0	0	0	0	0	0	0	0	60	107	0	0	0	1	0	0
input/resources/AfdelingSpecialismeCodelijst-2.16.840.1.113883.2.4.3.11.60.40.2.17.2.4--20171231000000.xml	1663	5	1	0	0	0	0	0	0	3	0	0	0	0	0	0	0	0	0	0	38	539	0	0	0	0	0	0
input/resources/AfnameprocedureCodelijst-2.16.840.1.113883.2.4.3.11.60.40.2.13.1.2--20171231000000.xml	2236	4	0	0	0	0	0	0	0	140	0	0	0	0	0	0	0	0	0	0	35	11146	0	0	0	1	0	0
input/resources/AfwijkendAdemhalingspatroonCodelijst-2.16.840.1.113883.2.4.3.11.60.40.2.12.5.3--20171231000000.xml	6908	7	0	0	0	0	0	0	1	134	0	0	0	0	0	0	0	0	0	0	50	312	0	0	0	1	0	0
input/resources/AlcoholGebruikStatusCodelijst-2.16.840.1.113883.2.4.3.11.60.40.2.7.3.2--20171231000000.xml	4782	5	0	0	0	0	0	0	1	281	0	0	0	0	0	0	0	0	0	0	52	270	0	0	0	0	0	0
input/resources/AlertNaamCodelijst-2.16.840.1.113883.2.4.3.11.60.40.2.8.3.2--20171231000000.xml	5316	5	1	0	0	0	0	0	0	139	0	0	0	0	0	0	0	0	0	0	52	276	0	0	0	1	0	0
input/resources/AlertTypeCodelijst-2.16.840.1.113883.2.4.3.11.60.40.2.8.3.1--20171231000000.xml	2602	5	0	0	0	0	0	0	0	137	0	0	0	0	0	0	0	0	0	0	39	195	0	0	0	0	0	0
input/resources/AlertheidCodelijst-2.16.840.1.113883.2.4.3.11.60.40.2.12.12.1--20171231000000.xml	5285	7	1	0	0	0	0	0	1	674	0	0	0	0	0	0	0	0	0	0	52	586	0	0	0	0	0	0
input/resources/AllergieCategorieCodelijst-2.16.840.1.113883.2.4.3.11.60.40.2.8.2.2--20171231000000.xml	4738	6	0	0	0	0	0	0	0	256	0	0	0	0	0	0	0	0	0	0	66	267	0	0	0	1	0	0
input/resources/AllergieStatusCodelijst-2.16.840.1.113883.2.4.3.11.60.40.2.8.2.3--20171231000000.xml	3665	5	0	0	0	0	0	0	1	5	0	0	0	0	0	0	0	0	0	0	46	85	0	0	0	0	0	0
input/resources/ArgusInstemmingCodelijst-2.16.840.1.113883.2.4.3.11.60.40.2.14.3.5--20171231000000.xml	3159	5	0	0	0	0	0	0	0	616	0	0	0	0	0	0	0	0	0	0	34	549	0	0	0	1	0	0
input/resources/ArgusInterventieCodelijst-2.16.840.1.113883.2.4.3.11.60.40.2.14.3.4--20171231000000.xml	4751	4	0	0	0	0	0	0	1	514	0	0	0	0	0	0	0	0	0	0	39	564	0	0	0	0	0	0
input/resources/BMIScoreCodelijst-2.16.840.1.113883.2.4.3.11.60.40.2.4.5.1--20171231000000.xml	3669	5	0	0	0	0	0	0	0	637	0	0	0	0	0	0	0	0	0	0	36	569	0	0	0	0	0	0
input/resources/BehandelingCodelijst-2.16.840.1.113883.2.4.3.11.60.40.2.2.1.1--20171231000000.xml	4879	6	1	0	0	0	0	0	0	132	0	0	0	0	0	0	0	0	0	0	40	261	0	0	0	0	0	0
input/resources/BehandelingToegestaanCodelijst-2.16.840.1.113883.2.4.3.11.60.40.2.2.1.2--20171231000000.xml	3322	4	0	0	0	0	0	0	1	618	0	0	0	0	0	0	0	0	0	0	40	545	0	0	0	1	0	0
input/resources/BenenCodelijst-2.16.840.1.113883.2.4.3.11.60.40.2.12.13.2--20171231000000.xml	3723	5	0	0	0	0	0	0	0	625	0	0	0	0	0	0	0	0	0	0	36	567	0	0	0	0	0	0
input/resources/BestemmingCodelijst-2.16.840.1.113883.2.4.3.11.60.40.2.15.1.3--20171231000000.xml	6814	5	0	0	0	0	0	0	1	143	0	0	0	0	0	0	0	0	0	0	45	315	0	0	0	1	0	0
input/resources/BrandwondAnatomischeLocatieCodelijst-2.16.840.1.113883.2.4.3.11.60.40.2.19.4.2--20171231000000.xml	2243	4	1	0	0	0	0	0	0	129	0	0	0	0	0	0	0	0	0	0	31	10850	0	0	0	0	0	0
input/resources/BrandwondLateraliteitCodelijst-2.16.840.1.113883.2.4.3.11.60.40.2.19.4.4--20171231000000.xml	3543	4	0	0	0	0	0	0	1	129	0	0	0	0	0	0	0	0	0	0	37	255	0	0	0	0	0	0
input/resources/BrandwondSoortCodelijst-2.16.840.1.113883.2.4.3.11.60.40.2.19.4.3--20171231000000.xml	3574	4	0	0	0	0	0	0	0	131	0	0	0	0	0	0	0	0	0	0	35	327	0	0	0	0	0	0
input/resources/BurgerlijkeStaatCodelijst-2.16.840.1.113883.2.4.3.11.60.40.2.7.9.1--20171231000000.xml	4272	6	0	0	0	0	0	0	1	6	0	0	0	0	0	0	0	0	0	0	39	100	0	0	0	1	0	0
input/resources/ContactTypeCodelijst-2.16.840.1.113883.2.4.3.11.60.40.2.15.1.1--20171231000000.xml	5742	5	0	0	0	0	0	0	0	62	0	0	0	0	0	0	0	0	0	0	53	149	0	0	0	0	0	0
input/resources/ContainerTypeCodelijst-2.16.840.1.113883.2.4.3.11.60.40.2.13.1.9--20171231000000.xml	2214	5	0	0	0	0	0	0	0	127	0	0	0	0	0	0	0	0	0	0	90	258	0	0	0	1	0	0
input/resources/DagdeelCodelijst-2.16.840.1.113883.2.4.3.11.60.40.2.9.12.3--20171231000000.xml	4058	5	1	0	0	0	0	0	0	138	0	0	0	0	0	0	0	0	0	0	35	269	0	0	0	0	0	0
input/resources/DecubitusAnatomischeLocatieCodelijst-2.16.840.1.113883.2.4.3.11.60.40.2.19.1.2--20171231000000.xml	2243	3	0	0	0	0	0	0	1	3	0	0	0	0	0	0	0	0	0	0	34	10280	0	0	0	1	0	0
input/resources/DecubitusCategorieCodelijst-2.16.840.1.113883.2.4.3.11.60.40.2.19.1.1--20171231000000.xml	4841	5	0	0	0	0	0	0	0	300	0	0	0	0	0	0	0	0	0	0	43	259	0	0	0	0	0	0
input/resources/DecubitusWondLateraliteitCodelijst-2.16.840.1.113883.2.4.3.11.60.40.2.19.1.3--20171231000000.xml	3555	3	0	0	0	0	0	0	0	4	0	0	0	0	0	0	0	0	0	0	35	70	0	0	0	1	0	0
input/resources/DefecatieConsistentieCodelijst-2.16.840.1.113883.2.4.3.11.60.40.2.4.15.2--20171231000000.xml	5554	6	1	0	0	0	0	0	1	622	0	0	0	0	0	0	0	0	0	0	43	553	0	0	0	0	0	0
input/resources/DefecatieKleurCodelijst-2.16.840.1.113883.2.4.3.11.60.40.2.4.15.5--20171231000000.xml	5084	4	0	0	0	0	0	0	0	137	0	0	0	0	0	0	0	0	0	0	41	264	0	0	1	1	0	1
input/resources/DiastolischEindpuntCodelijst-2.16.840.1.113883.2.4.3.11.60.40.2.12.4.2--20171231000000.xml	3023	5	0	0	0	0	0	0	1	136	0	0	0	0	0	0	0	0	0	0	38	228	0	0	0	0	0	0
input/resources/DiepteCodelijst-2.16.840.1.113883.2.4.3.11.60.40.2.12.5.2--20171231000000.xml	4123	4	1	0	0	0	0	0	0	141	0	0	0	0	0	0	0	0	0	0	36	258	0	0	0	0	0	0
input/resources/DieptegraadCodelijst-2.16.840.1.113883.2.4.3.11.60.40.2.19.4.1--20171231000000.xml	4123	5	0	0	0	0	0	0	0	130	0	0	0	0	0	0	0	0	0	0	37	244	0	1	0	1	0	0
input/resources/DrinkBeperkingenCodelijst-2.16.840.1.113883.2.4.3.11.60.40.2.4.8.2--20171231000000.xml	3620	4	1	0	0	0	0	0	1	133	0	0	0	0	0	0	0	0	0	0	36	220	0	0	0	0	0	0
input/resources/DrinkenCodelijst-2.16.840.1.113883.2.4.3.11.60.40.2.4.8.1--20171231000000.xml	3565	4	1	0	0	0	0	0	0	286	0	0	0	0	0	0	1	0	0	0	32	220	0	0	0	1	0	0
input/resources/DrugsGebruikStatusCodelijst-2.16.840.1.113883.2.4.3.11.60.40.2.7.4.2--20171231000000.xml	4786	6	0	0	0	0	0	0	0	143	0	0	0	0	0	0	0	1	0	0	49	253	0	0	0	0	0	0
input/resources/DrugsOfGeneesmiddelSoortCodelijst-2.16.840.1.113883.2.4.3.11.60.40.2.7.4.1--20171231000000.xml	12740	6	1	0	0	0	0	0	1	163	0	0	0	0	0	0	0	0	0	0	73	405	0	0	0	1	0	0
input/resources/EetBeperkingenCodelijst-2.16.840.1.113883.2.4.3.11.60.40.2.4.7.2--20171231000000.xml	3619	5	1	0	0	0	0	0	1	142	0	0	0	0	0	0	0	0	0	0	41	279	0	0	0	0	0	0
input/resources/EetlustScoreCodelijst-2.16.840.1.113883.2.4.3.11.60.40.2.4.6.2--20171231000000.xml	3010	5	1	0	0	0	0	0	0	626	0	0	0	0	0	0	0	0	0	0	38	549	0	0	0	0	0	0
input/resources/EmailSoortCodelijst-2.16.840.1.113883.2.4.3.11.60.40.2.20.6.3--20171231000000.xml	2641	5	0	0	0	0	0	0	0	5	0	0	0	0	0	0	0	0	0	0	40	61	0	0	0	1	0	0
input/resources/ErnstCodelijst-2.16.840.1.113883.2.4.3.11.60.40.2.8.2.6--20171231000000.xml	3479	4	1	0	0	0	0	0	0	137	0	0	0	0	0	0	0	0	0	0	40	235	0	0	0	0	0	0
input/resources/EtenCodelijst-2.16.840.1.113883.2.4.3.11.60.40.2.4.7.1--20171231000000.xml	4054	5	0	0	0	0	0	0	1	142	0	0	0	0	0	0	0	0	0	0	39	236	0	0	0	0	0	0
input/resources/FarmaceutischeVormCodelijst-2.16.840.1.113883.2.4.3.11.60.40.2.9.7.8--20171231000000.xml	1646	4	0	0	0	0	0	0	0	5	0	0	0	0	0	0	0	0	0	0	32	761	0	0	0	1	0	0
input/resources/FecesContinentieCodelijst-2.16.840.1.113883.2.4.3.11.60.40.2.4.15.1--20171231000000.xml	4106	5	1	0	0	0	0	0	0	135	0	0	0	0	0	0	0	0	0	0	39	226	0	0	0	0	0	0
input/resources/GeslachtCodelijst-2.16.840.1.113883.2.4.3.11.60.40.2.0.1.1--20171231000000.xml	3727	4	0	0	0	0	0	0	1	7	0	0	0	0	0	0	0	0	0	0	49	92	0	0	0	0	0	0
input/resources/GeverifieerdBijCodelijst-2.16.840.1.113883.2.4.3.11.60.40.2.2.1.4--20171231000000.xml	4704	7	0	0	0	0	0	0	0	290	0	0	0	0	0	0	0	0	0	0	51	247	0	0	0	1	0	0
input/resources/GezichtCodelijst-2.16.840.1.113883.2.4.3.11.60.40.2.12.13.1--20171231000000.xml	3872	4	0	0	0	0	0	0	0	620	0	0	0	0	0	0	0	0	0	0	42	545	0	0	0	0	0	0
input/resources/GezichtsspanningCodelijst-2.16.840.1.113883.2.4.3.11.60.40.2.12.12.6--20171231000000.xml	5344	4	1	0	0	0	0	0	1	636	0	0	0	0	0	0	0	0	0	0	46	548	0	0	0	1	0	0
input/resources/GezinssamenstellingCodelijst-2.16.840.1.113883.2.4.3.11.60.40.2.7.13.1--20171231000000.xml	6391	6	0	0	0	0	0	0	1	302	0	0	0	0	0	0	0	0	0	0	61	266	0	0	0	0	0	0
input/resources/GezinssamenstellingKindCodelijst-2.16.840.1.113883.2.4.3.11.60.40.2.7.16.1--20171231000000.xml	8642	7	0	0	0	0	0	0	1	299	0	0	0	0	0	0	0	0	0	0	68	320	0	0	0	1	0	0
input/resources/GlucoseMeetmomentenLOINCCodelijst-2.16.840.1.113883.2.4.3.11.60.53.11.1--20190813000000.xml	1809	5	0	0	0	0	0	0	1	136	0	0	0	0	0	0	0	0	0	0	33	205	0	0	0	1	0	0
input/resources/GlucoseMeetmomentenNhgtable45Codelijst-2.16.840.1.113883.2.4.3.11.60.53.11.2--20190813000000.xml	2740	5	1	0	0	0	0	0	0	627	0	0	0	0	0	0	0	0	0	0	32	575	0	0	0	0	0	0
input/resources/GstdTabel902-2.16.840.1.113883.2.4.3.11.60.20.77.11.27--20160830202453.xml	1268	4	0	0	0	0	0	0	0	3	0	0	0	0	0	0	0	0	0	0	28	710	0	0	0	0	0	0
input/resources/HartslagMeetMethodeCodelijst-2.16.840.1.113883.2.4.3.11.60.40.2.12.3.2--20171231000000.xml	4084	4	0	0	0	0	0	0	0	154	0	0	0	0	0	0	0	0	0	0	35	250	0	0	0	0	0	0
input/resources/HartslagRegelmatigheidCodelijst-2.16.840.1.113883.2.4.3.11.60.40.2.12.3.1--20171231000000.xml	3073	4	0	0	1	0	0	0	0	260	0	0	0	0	0	0	0	0	0	0	35	329	0	0	0	1	0	0
input/resources/HartslagScoreCodelijst-2.16.840.1.113883.2.4.3.11.60.40.2.12.16.2--20171231000000.xml	3806	7	1	0	0	0	0	0	1	129	0	0	0	0	0	0	0	0	0	0	34	260	0	0	0	0	0	0
input/resources/HerkomstCodelijst-2.16.840.1.113883.2.4.3.11.60.40.2.15.1.2--20171231000000.xml	6284	6	0	0	0	0	0	0	0	140	0	0	0	0	0	0	0	0	0	0	43	357	0	0	0	0	0	0
input/resources/HoorFunctieCodeLijst-2.16.840.1.113883.2.4.3.11.60.40.2.4.17.1--20171231000000.xml	3565	4	0	0	0	0	0	0	0	145	0	0	0	0	0	0	0	0	0	0	35	284	0	0	0	1	0	0
input/resources/HorenHulpmiddelTypeCodelijst-2.16.840.1.113883.2.4.3.11.60.40.2.4.17.2--20171231000000.xml	3128	5	0	0	0	0	0	0	1	768	0	0	0	0	0	0	0	0	0	0	40	730	0	0	0	0	0	0
input/resources/HoudingCodelijst-2.16.840.1.113883.2.4.3.11.60.40.2.12.4.5--20171231000000.xml	4642	5	1	0	0	0	0	0	0	136	0	0	0	0	0	0	0	0	0	0	39	306	0	0	0	0	0	0
input/resources/HoudingHandhavenCodelijst-2.16.840.1.113883.2.4.3.11.60.40.2.4.3.4--20171231000000.xml	3637	4	0	0	0	0	0	0	0	299	0	0	0	0	0	0	0	0	0	0	38	227	0	0	0	1	0	0
input/resources/HoudingVeranderenCodelijst-2.16.840.1.113883.2.4.3.11.60.40.2.4.3.1--20171231000000.xml	3631	5	0	0	0	0	0	0	1	299	0	0	0	0	0	0	0	0	0	0	34	234	0	0	0	0	0	0
input/resources/HuidAnatomischeLocatieCodelijst-2.16.840.1.113883.2.4.3.11.60.40.2.19.3.2--20171231000000.xml	2233	5	1	0	0	0	0	0	0	3	0	0	0	0	0	0	0	0	1	0	29	10124	0	0	0	0	0	0
input/resources/HuidLateraliteitCodelijst-2.16.840.1.113883.2.4.3.11.60.40.2.19.3.3--20171231000000.xml	3528	5	0	0	0	0	0	0	0	4	0	0	0	0	0	0	0	0	0	0	34	64	1	0	0	0	0	0
input/resources/HuidskleurScoreCodelijst-2.16.840.1.113883.2.4.3.11.60.40.2.12.16.4--20171231000000.xml	3816	5	1	0	0	0	0	0	1	190	0	0	0	0	0	0	0	0	0	0	47	206	0	0	0	1	0	0
input/resources/HuilenCodelijst-2.16.840.1.113883.2.4.3.11.60.40.2.12.13.4--20171231000000.xml	3752	4	0	0	0	0	0	0	0	633	0	0	0	0	0	0	0	0	0	0	53	543	0	0	0	0	0	0
input/resources/HulpmiddelAnatomischeLocatieCodelijst-2.16.840.1.113883.2.4.3.11.60.40.2.10.1.2--20171231000000.xml	2245	4	0	0	0	0	0	0	0	3	0	0	0	0	0	0	0	0	0	0	39	10231	0	0	0	1	0	0
input/resources/IHE-formatcode.xml	3070	3	1	0	0	0	0	0	1	1	0	0	0	0	0	0	0	0	0	0	43	762	0	0	0	0	0	0
input/resources/InfuuskatheterTypeCodelijst-2.16.840.1.113883.2.4.3.11.60.40.2.10.2.1--20171231000000.xml	6360	5	0	0	0	0	0	0	0	286	0	0	0	0	0	0	0	0	0	0	45	269	0	0	0	1	0	0
input/resources/IngredientCodeATCCodelijst-2.16.840.1.113883.2.4.3.11.60.40.2.9.7.13--20171231000000.xml	1644	4	1	0	0	0	0	0	0	6	0	0	0	0	0	0	0	0	0	0	38	10754	0	0	0	0	0	0
input/resources/IngredientCodeGPKCodelijst-2.16.840.1.113883.2.4.3.11.60.40.2.9.7.9--20171231000000.xml	1650	4	0	0	0	0	0	0	1	5	0	0	0	0	0	0	0	0	0	0	34	554	0	0	0	0	0	0
input/resources/IngredientCodeGTINCodelijst-2.16.840.1.113883.2.4.3.11.60.40.2.9.7.16--20171231000000.xml	1628	4	1	0	0	0	0	0	0	4	0	0	0	0	0	0	0	0	0	0	32	1049	0	0	0	0	0	0
input/resources/IngredientCodeHPKCodelijst-2.16.840.1.113883.2.4.3.11.60.40.2.9.7.10--20171231000000.xml	1651	4	0	0	0	0	0	0	0	5	0	0	0	0	0	0	0	0	0	0	32	668	0	0	0	1	0	0
input/resources/IngredientCodePRKCodelijst-2.16.840.1.113883.2.4.3.11.60.40.2.9.7.11--20171231000000.xml	1652	4	1	0	0	0	0	0	0	4	0	0	0	0	0	0	0	0	0	0	28	645	0	0	0	0	0	0
input/resources/IngredientCodeSNKCodelijst-2.16.840.1.113883.2.4.3.11.60.40.2.9.7.14--20171231000000.xml	1647	4	0	0	0	0	0	0	0	5	0	0	0	0	0	0	0	0	0	0	34	655	0	0	0	0	0	0
input/resources/IngredientCodeSSKCodelijst-2.16.840.1.113883.2.4.3.11.60.40.2.9.7.15--20171231000000.xml	1669	4	1	0	0	0	0	0	0	4	0	0	0	0	0	0	0	0	0	0	26	660	0	0	0	0	0	0
input/resources/IngredientCodeZICodelijst-2.16.840.1.113883.2.4.3.11.60.40.2.9.7.12--20171231000000.xml	1658	4	0	0	0	0	0	0	1	5	0	0	0	0	0	0	0	0	0	0	28	650	0	0	0	0	0	0
input/resources/InterpretatieVlaggenCodelijst-2.16.840.1.113883.2.4.3.11.60.40.2.13.1.7--20171231000000.xml	4633	7	1	0	0	0	0	0	0	144	0	0	0	0	0	0	0	0	0	0	40	250	0	0	0	1	0	0
input/resources/InterventieNICCodelijst-2.16.840.1.113883.2.4.3.11.60.40.2.14.2.2--20171231000000.xml	1607	5	0	0	0	0	0	0	0	3	0	0	0	0	0	0	0	0	0	0	36	640	0	0	0	0	0	0
input/resources/InterventieSnomedCodelijst-2.16.840.1.113883.2.4.3.11.60.40.2.14.2.4--20171231000000.xml	2198	4	1	0	0	0	0	0	0	4	0	0	0	0	0	0	0	0	0	0	42	10081	0	0	0	0	0	0
input/resources/JournaalregelType-2.16.840.1.113883.2.4.3.11.60.103.11.2--20111012000000.xml	3591	6	0	0	0	0	0	0	1	639	0	0	0	0	0	0	0	0	0	0	30	566	0	0	0	0	0	0
input/resources/JuridischeStatusCodelijst-2.16.840.1.113883.2.4.3.11.60.40.2.14.3.2--20171231000000.xml	8136	6	0	0	0	0	0	0	1	632	0	0	0	0	0	0	0	0	0	0	47	556	0	0	0	1	0	0
input/resources/Kalmte_AgitatieCodelijst-2.16.840.1.113883.2.4.3.11.60.40.2.12.12.2--20171231000000.xml	5235	4	1	0	0	0	0	0	0	655	0	0	0	0	0	0	0	0	0	0	39	557	0	0	0	0	0	0
input/resources/KledingCodelijst-2.16.840.1.113883.2.4.3.11.60.40.2.12.1.1--20171231000000.xml	3930	5	0	0	0	0	0	0	1	622	0	0	0	0	0	0	0	0	0	0	36	540	0	0	0	1	0	0
input/resources/LandGBACodelijst-2.16.840.1.113883.2.4.3.11.60.40.2.20.5.1--20171231000000.xml	1623	4	0	0	0	0	0	0	0	4	0	0	0	0	0	0	0	0	0	0	30	547	0	0	0	0	0	0
input/resources/LandISOCodelijst-2.16.840.1.113883.2.4.3.11.60.40.2.20.5.2--20171231000000.xml	1600	5	0	0	0	0	0	0	0	4	0	0	0	0	0	0	0	0	0	0	30	8188	0	1	0	0	0	0
input/resources/LateraliteitCodelijst-2.16.840.1.113883.2.4.3.11.60.40.2.13.1.12--20171231000000.xml	3519	4	0	0	0	0	0	0	0	5	0	0	0	0	0	0	0	0	0	0	38	64	0	0	0	1	0	0
input/resources/LevensovertuigingCodelijst-2.16.840.1.113883.2.4.3.11.60.40.2.7.5.1--20171231000000.xml	11818	6	1	0	0	0	0	0	2	656	0	0	0	0	0	0	0	0	0	0	55	953	0	0	0	0	0	0
input/resources/LichaamsbewegingCodelijst-2.16.840.1.113883.2.4.3.11.60.40.2.12.12.5--20171231000000.xml	5269	5	0	0	0	0	0	0	0	658	0	0	0	0	0	0	0	1	0	0	39	548	0	0	0	1	0	0
input/resources/LijnStatusCodelijst-2.16.840.1.113883.2.4.3.11.60.40.2.10.2.3--20171231000000.xml	3227	4	0	0	0	0	0	0	1	675	0	0	0	0	0	0	0	0	0	0	34	563	0	0	0	0	0	0
input/resources/LocatieGehoorapparaatCodelijst-2.16.840.1.113883.2.4.3.11.60.40.2.4.17.3--20171231000000.xml	3601	6	0	0	0	0	0	0	0	148	0	0	0	0	0	0	0	0	0	0	34	245	0	0	0	0	0	0
input/resources/LopenCodelijst-2.16.840.1.113883.2.4.3.11.60.40.2.4.3.9--20171231000000.xml	3551	6	1	0	0	0	0	0	1	280	0	0	0	0	0	0	0	0	0	0	34	231	0	0	0	0	0	0
input/resources/LumenLocatieCodelijst-2.16.840.1.113883.2.4.3.11.60.40.2.10.2.2--20171231000000.xml	3512	4	0	0	0	0	0	0	0	133	0	0	0	0	0	0	0	0	0	0	37	246	0	0	0	1	0	1
input/resources/MUSTGewichtsverliesScoreCodelijst-2.16.840.1.113883.2.4.3.11.60.40.2.4.5.2--20171231000000.xml	3729	6	0	0	0	0	0	0	1	622	0	0	0	0	0	0	0	0	0	0	34	539	0	0	0	0	0	0
input/resources/ManchetTypeCodelijst-2.16.840.1.113883.2.4.3.11.60.40.2.12.4.3--20171231000000.xml	5708	4	0	0	0	0	0	0	1	639	0	0	0	0	0	0	0	0	0	0	39	580	0	0	0	1	0	0
input/resources/MateVanKritiekZijnCodelijst-2.16.840.1.113883.2.4.3.11.60.40.2.8.2.4--20171231000000.xml	4025	5	1	0	0	0	0	0	0	143	0	0	0	0	0	0	0	0	0	0	39	232	0	0	0	1	0	0
input/resources/MedicatieToedieningRedenVanAfwijkenCodelijst-2.16.840.1.113883.2.4.3.11.60.40.2.9.13.3--20171231000000.xml	6195	4	0	0	0	0	0	0	1	509	0	0	0	0	0	0	0	0	0	0	49	1178	0	0	0	1	0	0
input/resources/MedicatieToedieningToedieningswegCodelijst-2.16.840.1.113883.2.4.3.11.60.40.2.9.13.2--20171231000000.xml	1673	5	1	0	0	0	0	0	0	2	0	0	0	0	0	0	0	0	0	0	31	544	0	0	0	0	0	0
input/resources/MedicatieToedieningswegCodelijst-2.16.840.1.113883.2.4.3.11.60.40.2.9.12.1--20171231000000.xml	1653	5	0	0	0	0	0	0	0	4	0	0	0	0	0	0	0	0	0	0	28	297	0	0	0	0	0	0
input/resources/MedicatieafspraakAanvullendeInformatieCodelijst-2.16.840.1.113883.2.4.3.11.60.40.2.9.6.3--20171231000000.xml	5431	4	0	0	0	0	0	0	1	626	0	0	0	0	0	0	0	0	0	0	36	547	0	0	0	1	0	0
input/resources/MedicatiegebruikStopTypeCodelijst-2.16.840.1.113883.2.4.3.11.60.40.2.9.11.1--20171231000000.xml	2825	5	1	0	0	0	0	0	0	640	0	0	0	0	0	0	0	0	0	0	32	549	0	0	0	0	0	0
input/resources/MedicatieverstrekkingAanvullendeInformatieCodelijst-2.16.840.1.113883.2.4.3.11.60.40.2.9.9.2--20171231000000.xml	3251	4	0	0	0	0	0	0	0	648	0	0	0	0	0	0	0	0	0	0	34	569	0	0	0	0	0	0
input/resources/MedicatieverstrekkingDistributievormCodelijst-2.16.840.1.113883.2.4.3.11.60.40.2.9.9.1--20171231000000.xml	2229	4	0	0	0	0	0	0	0	632	0	0	0	0	0	0	0	0	0	0	30	541	0	0	0	1	0	0
input/resources/MedischHulpmiddelLateraliteitCodelijst-2.16.840.1.113883.2.4.3.11.60.40.2.10.1.4--20171231000000.xml	3567	4	0	0	0	0	0	0	1	4	0	0	0	0	0	0	0	0	0	0	34	69	0	0	0	0	0	0
input/resources/MeetLocatieCodelijst-2.16.840.1.113883.2.4.3.11.60.40.2.12.4.4--20171231000000.xml	8834	7	1	0	0	0	0	0	1	143	0	0	0	0	0	0	0	0	0	0	47	335	0	0	0	1	0	0
input/resources/MeetmethodeCodelijst-2.16.840.1.113883.2.4.3.11.60.40.2.12.4.1--20171231000000.xml	3011	5	0	0	0	0	0	0	0	143	0	0	0	0	0	0	0	0	0	0	30	314	0	0	0	0	0	0
input/resources/MeetmethodeCodelijst-2.16.840.1.113883.2.4.3.11.60.40.2.13.3.4--20171231000000.xml	1984	4	0	0	0	0	0	0	1	4	0	0	0	0	0	0	0	0	0	0	31	487	0	0	0	0	0	0
input/resources/MetingNaamCodelijst-2.16.840.1.113883.2.4.3.11.60.40.2.13.3.2--20171231000000.xml	1982	4	0	0	0	0	0	0	0	4	0	0	0	0	0	0	0	0	0	0	29	302	0	0	0	1	0	0
input/resources/MicroorganismeCodelijst-2.16.840.1.113883.2.4.3.11.60.40.2.13.1.10--20171231000000.xml	2082	4	1	0	0	0	0	0	0	4	0	0	0	0	0	0	0	0	0	0	30	214	0	0	0	0	0	0
input/resources/MonsterAnatomischeLocatieCodelijst-2.16.840.1.113883.2.4.3.11.60.40.2.13.1.11--20171231000000.xml	2242	4	0	0	0	0	0	0	1	4	0	0	0	0	0	0	0	0	0	0	30	10296	0	0	0	0	0	0
input/resources/MonstermateriaalCodelijst-2.16.840.1.113883.2.4.3.11.60.40.2.13.1.6--20171231000000.xml	2194	4	0	0	0	0	0	0	0	140	0	0	0	0	0	0	0	0	0	0	30	11070	0	0	1	0	0	0
input/resources/MorfologieCodelijst-2.16.840.1.113883.2.4.3.11.60.40.2.13.1.13--20171231000000.xml	2207	4	0	0	0	0	0	0	0	137	0	0	0	0	0	0	0	0	0	0	30	10594	0	0	0	1	0	0
input/resources/NHGTable14v7-ContactType-2.16.840.1.113883.2.4.3.11.60.103.11.3--20110902000000.xml	3466	6	1	0	0	0	0	0	1	619	0	0	0	0	0	0	0	0	0	0	48	553	0	0	0	0	0	0
input/resources/NaamgebruikCodelijst-2.16.840.1.113883.2.4.3.11.60.40.2.20.4.1--20171231000000.xml	4480	5	0	0	0	0	0	0	0	515	0	0	0	0	0	0	0	0	0	0	40	553	0	0	0	1	0	0
input/resources/NationaliteitCodelijst-2.16.840.1.113883.2.4.3.11.60.40.2.7.6.3--20171231000000.xml	1641	4	0	0	0	0	0	0	1	2	0	0	0	0	0	0	0	0	0	0	35	762	0	0	0	0	0	0
input/resources/NummerSoortCodelijst-2.16.840.1.113883.2.4.3.11.60.40.2.20.6.2--20171231000000.xml	3178	5	0	0	0	0	0	0	0	5	0	0	0	0	0	0	0	0	0	0	37	78	0	0	0	0	0	0
input/resources/OnderzoekCodelijst-2.16.840.1.113883.2.4.3.11.60.40.2.13.1.5--20171231000000.xml	1585	4	0	0	0	0	0	0	0	2	0	0	0	0	0	0	0	0	0	0	29	12073	0	0	0	1	0	0
input/resources/OnderzoekCodelijst-2.16.840.1.113883.2.4.3.11.60.40.2.13.3.3--20171231000000.xml	1980	4	0	0	0	0	0	0	1	3	0	0	0	0	0	0	0	0	0	0	30	212	0	0	0	0	0	0
input/resources/OntwikkelingMotoriekCodelijst-2.16.840.1.113883.2.4.3.11.60.40.2.4.32.3--20171231000000.xml	4709	4	1	0	0	0	0	0	0	145	0	0	0	0	0	0	0	0	0	0	37	274	0	0	0	0	0	0
input/resources/OntwikkelingSociaalCodelijst-2.16.840.1.113883.2.4.3.11.60.40.2.4.32.4--20171231000000.xml	4720	6	0	0	0	0	0	0	1	337	0	0	0	0	0	0	0	0	0	0	44	237	0	0	0	1	0	0
input/resources/OntwikkelingTaalCodelijst-2.16.840.1.113883.2.4.3.11.60.40.2.4.32.5--20171231000000.xml	4812	28	0	0	0	0	0	0	0	316	0	0	0	0	0	0	0	0	0	0	37	235	0	0	0	0	0	0
input/resources/OntwikkelingVerstandelijkCodelijst-2.16.840.1.113883.2.4.3.11.60.40.2.4.32.6--20171231000000.xml	4791	8	0	0	0	0	0	0	1	280	0	0	0	0	0	0	0	0	0	0	35	272	0	0	0	1	0	0
input/resources/OrderStatusCodelijst-2.16.840.1.113883.2.4.3.11.60.40.2.16.1.2--20171231000000.xml	5694	5	0	0	0	0	0	0	0	139	0	0	0	0	0	0	0	0	0	0	49	311	0	0	0	0	0	0
input/resources/OrganisatieTypeCodelijst-2.16.840.1.113883.2.4.3.11.60.40.2.17.2.3--20171231000000.xml	14029	6	1	0	0	0	0	0	2	669	0	0	0	0	0	0	0	0	0	0	57	781	0	0	0	1	0	0
input/resources/PijnAnatomischeLocatieCodelijst-2.16.840.1.113883.2.4.3.11.60.40.2.12.9.2--20171231000000.xml	2233	4	0	0	0	0	0	0	0	3	0	0	0	0	0	0	0	0	0	0	32	10318	0	0	0	1	0	0
input/resources/PijnLateraliteitCodelijst-2.16.840.1.113883.2.4.3.11.60.40.2.12.9.3--20171231000000.xml	3528	4	0	0	0	0	0	0	0	3	0	0	0	0	0	0	0	0	0	0	41	64	0	0	0	0	0	0
input/resources/PijnMeetMethodeCodelijst-2.16.840.1.113883.2.4.3.11.60.40.2.12.9.1--20171231000000.xml	3134	5	0	0	0	0	0	0	1	614	0	0	0	0	0	0	0	0	0	0	29	659	0	0	0	1	0	0
input/resources/PolsRegelmatigheidCodelijst-2.16.840.1.113883.2.4.3.11.60.40.2.12.7.1--20171231000000.xml	3060	5	1	0	0	0	0	0	0	153	0	0	0	0	0	0	0	0	0	0	32	241	0	0	0	0	0	0
input/resources/ProbleemAnatomischeLocatieCodelijst-2.16.840.1.113883.2.4.3.11.60.40.2.5.1.5--20171231000000.xml	2238	5	0	0	0	0	0	0	0	5	0	0	0	0	0	0	0	0	0	0	27	10554	0	0	0	0	0	0
input/resources/ProbleemLateraliteitCodelijst-2.16.840.1.113883.2.4.3.11.60.40.2.5.1.6--20171231000000.xml	3537	7	0	0	0	0	0	0	0	4	0	0	0	0	0	0	0	0	0	0	36	70	0	0	0	1	0	0
input/resources/ProbleemNaamCodelijst-2.16.840.1.113883.2.4.3.11.60.40.2.5.1.3--20171231000000.xml	3225	6	0	0	0	0	0	0	1	7	0	0	0	0	0	0	0	0	0	0	35	181	0	1	0	0	0	0
input/resources/ProbleemStatusCodelijst-2.16.840.1.113883.2.4.3.11.60.40.2.5.1.2--20171231000000.xml	3009	5	0	0	0	0	0	0	0	142	0	0	0	0	0	0	0	0	0	0	38	257	0	0	0	0	0	0
input/resources/ProbleemTypeCodelijst-2.16.840.1.113883.2.4.3.11.60.40.2.5.1.1--20171231000000.xml	4572	6	1	0	0	0	0	0	0	298	0	0	0	0	0	0	0	0	0	0	36	288	0	0	0	1	0	0
input/resources/ProductCodeATCCodelijst-2.16.840.1.113883.2.4.3.11.60.40.2.11.1.4--20171231000000.xml	1638	7	0	0	0	0	0	0	0	3	0	0	0	0	0	0	0	0	0	0	28	10542	0	0	0	0	0	0
input/resources/ProductCodeATCCodelijst-2.16.840.1.113883.2.4.3.11.60.40.2.9.7.7--20171231000000.xml	1635	5	0	0	0	0	0	0	0	2	0	0	0	0	0	0	0	0	0	0	29	10283	0	0	0	0	0	0
input/resources/ProductCodeGPKCodelijst-2.16.840.1.113883.2.4.3.11.60.40.2.11.1.3--20171231000000.xml	1647	5	0	0	0	0	0	0	1	3	0	0	0	0	0	0	0	0	0	0	30	298	0	0	0	0	0	0
input/resources/ProductCodeGPKCodelijst-2.16.840.1.113883.2.4.3.11.60.40.2.9.7.6--20171231000000.xml	1644	6	1	0	0	0	0	0	0	2	0	0	0	0	0	0	0	0	0	0	29	303	0	0	0	0	0	0
input/resources/ProductCodeGTINCodelijst-2.16.840.1.113883.2.4.3.11.60.40.2.11.1.5--20171231000000.xml	1622	5	0	0	0	0	0	0	0	3	0	0	0	0	0	0	0	0	0	0	31	290	0	0	0	0	0	0
input/resources/ProductCodeGTINCodelijst-2.16.840.1.113883.2.4.3.11.60.40.2.9.7.2--20171231000000.xml	1619	5	0	0	0	0	0	0	0	3	0	0	0	0	0	0	0	0	0	0	28	297	0	0	0	1	0	0
input/resources/ProductCodeHPKCodelijst-2.16.840.1.113883.2.4.3.11.60.40.2.11.1.2--20171231000000.xml	1645	5	0	0	0	0	0	0	0	3	0	0	0	0	0	0	0	0	0	0	28	320	0	0	0	0	0	0
input/resources/ProductCodeHPKCodelijst-2.16.840.1.113883.2.4.3.11.60.40.2.9.7.5--20171231000000.xml	1642	5	0	0	0	0	0	0	0	3	0	0	0	0	0	0	0	0	0	0	29	290	0	0	0	0	0	0
input/resources/ProductCodePRKCodelijst-2.16.840.1.113883.2.4.3.11.60.40.2.11.1.1--20171231000000.xml	1646	4	0	0	0	0	0	0	0	4	0	0	0	0	0	0	0	0	0	0	29	281	0	0	0	0	0	0
input/resources/ProductCodePRKCodelijst-2.16.840.1.113883.2.4.3.11.60.40.2.9.7.3--20171231000000.xml	1643	4	0	0	0	0	0	0	1	2	0	0	0	0	0	0	0	0	0	0	31	312	0	0	0	0	0	0
input/resources/ProductCodeZICodelijst-2.16.840.1.113883.2.4.3.11.60.40.2.11.1.6--20171231000000.xml	1652	5	1	0	0	0	0	0	0	3	0	0	0	0	0	0	0	0	0	0	30	298	0	0	0	0	0	0
input/resources/ProductCodeZICodelijst-2.16.840.1.113883.2.4.3.11.60.40.2.9.7.1--20171231000000.xml	1649	4	0	0	0	0	0	0	0	2	0	0	0	0	0	0	0	0	0	0	31	297	0	0	0	1	0	0
input/resources/ProductTypeCodelijst-2.16.840.1.113883.2.4.3.11.60.40.2.10.1.1--20171231000000.xml	1984	4	0	0	0	0	0	0	0	3	0	0	0	0	0	0	0	0	0	0	30	222	0	0	0	0	0	0
input/resources/ProtheseTypeCodelijst-2.16.840.1.113883.2.4.3.11.60.40.2.4.13.2--20171231000000.xml	3042	4	0	0	0	0	0	0	0	132	0	0	0	0	0	0	0	0	0	0	35	257	0	0	0	0	0	0
input/resources/RedenMedicatieafspraak-2.16.840.1.113883.2.4.3.11.60.20.77.11.21--20181218104051.xml	5027	7	0	0	0	0	0	0	0	752	0	0	0	0	0	0	0	0	0	0	44	890	0	0	0	1	0	0
input/resources/RedenMedicatieafspraakCodelijst-2.16.840.1.113883.2.4.3.11.60.40.2.9.6.2--20171231000000.xml	11041	8	1	0	0	0	0	0	1	658	0	0	0	0	0	0	0	0	0	0	57	998	0	0	0	1	0	0
input/resources/RedenWijzStakenMedicatiegebruik-2.16.840.1.113883.2.4.3.11.60.20.77.11.37--20181218104254.xml	5060	6	0	0	0	0	0	0	1	519	0	0	0	0	0	0	0	0	0	0	46	577	0	0	0	0	0	0
input/resources/RedenWijzigenOfStoppenGebruikCodelijst-2.16.840.1.113883.2.4.3.11.60.40.2.9.11.2--20171231000000.xml	11065	6	1	0	0	0	0	0	0	6	0	0	0	0	0	0	0	0	0	0	45	535	0	0	0	1	0	0
input/resources/ReflexenScoreCodelijst-2.16.840.1.113883.2.4.3.11.60.40.2.12.16.5--20171231000000.xml	3861	4	0	0	0	0	0	0	1	126	0	0	0	0	0	0	0	0	0	0	34	218	0	0	0	0	0	0
input/resources/RelatieCodelijst-2.16.840.1.113883.2.4.3.11.60.40.2.3.1.1--20171231000000.xml	19656	9	0	0	0	0	0	0	2	551	0	0	0	0	0	0	0	1	0	0	88	654	0	0	0	2	0	0
input/resources/ResultaatStatusCodelijst-2.16.840.1.113883.2.4.3.11.60.40.2.13.1.8--20171231000000.xml	4201	6	0	0	0	0	0	0	1	721	0	0	0	0	0	0	0	0	0	0	33	541	0	0	0	1	0	0
input/resources/ResultaatTypeCodelijst-2.16.840.1.113883.2.4.3.11.60.40.2.13.1.1--20171231000000.xml	5633	6	1	0	0	0	0	0	1	139	0	0	0	0	0	0	0	0	0	0	38	387	0	0	0	0	0	0
input/resources/RitmeCodelijst-2.16.840.1.113883.2.4.3.11.60.40.2.12.5.1--20171231000000.xml	3053	5	0	0	0	0	0	0	0	135	0	0	0	0	0	0	0	0	0	0	28	268	0	0	0	1	0	0
input/resources/RolCodelijst-2.16.840.1.113883.2.4.3.11.60.40.2.3.1.2--20171231000000.xml	9915	6	0	0	0	0	0	0	1	622	0	0	0	0	0	0	0	0	0	0	43	787	0	0	0	0	0	0
input/resources/SKGewichtsverliesScoreCodelijst-2.16.840.1.113883.2.4.3.11.60.40.2.4.28.1--20171231000000.xml	3097	5	0	0	0	0	0	0	1	619	0	0	0	0	0	0	0	0	0	0	28	547	0	0	0	0	0	1
input/resources/SKVoedingsScoreCodelijst-2.16.840.1.113883.2.4.3.11.60.40.2.4.28.3--20171231000000.xml	3015	5	0	0	0	0	0	0	1	607	0	0	0	0	0	0	0	0	0	0	29	544	0	0	1	1	0	0
input/resources/SKVoedingstoestandCodelijst-2.16.840.1.113883.2.4.3.11.60.40.2.4.28.4--20171231000000.xml	3017	6	1	0	0	0	0	0	0	640	0	0	0	0	0	0	0	0	0	0	37	544	0	0	0	0	0	0
input/resources/SKZiektebeeldScoreCodelijst-2.16.840.1.113883.2.4.3.11.60.40.2.4.28.2--20171231000000.xml	3056	5	0	0	0	0	0	0	2	607	0	0	0	0	0	0	0	0	0	0	32	546	0	0	0	0	0	0
input/resources/SNAQ65_BovenarmOmtrekScoreCodelijst-2.16.840.1.113883.2.4.3.11.60.40.2.4.30.4--20171231000000.xml	3030	5	1	0	0	0	0	0	1	611	0	0	0	0	0	0	0	0	0	0	32	544	0	0	0	0	0	0
input/resources/SNAQ65_EetlustScoreCodelijst-2.16.840.1.113883.2.4.3.11.60.40.2.4.30.2--20171231000000.xml	3034	5	0	0	0	0	0	0	0	623	0	0	0	0	0	0	0	0	0	0	31	533	0	0	0	0	0	0
input/resources/SNAQ65_GewichtsverliesScoreCodelijst-2.16.840.1.113883.2.4.3.11.60.40.2.4.30.1--20171231000000.xml	3069	4	1	0	0	0	0	0	0	656	0	0	0	0	0	0	0	0	0	0	28	545	0	0	0	1	0	0
input/resources/SNAQ65_InspanningsScoreCodelijst-2.16.840.1.113883.2.4.3.11.60.40.2.4.30.3--20171231000000.xml	3065	5	0	0	0	0	0	0	1	610	0	0	0	0	0	0	0	0	0	0	33	533	0	0	0	0	0	0
input/resources/SNAQGewichtsverliesScoreCodelijst-2.16.840.1.113883.2.4.3.11.60.40.2.4.6.1--20171231000000.xml	3750	5	1	0	0	0	0	0	0	626	0	0	0	0	0	0	0	0	0	0	36	847	0	0	0	0	0	0
input/resources/SNAQrcBMIScoreCodelijst-2.16.840.1.113883.2.4.3.11.60.40.2.4.29.3--20171231000000.xml	3714	5	1	0	0	0	1	0	1	613	0	0	0	0	0	0	0	0	0	0	46	547	0	0	0	0	0	0
input/resources/SNAQrcEetlustScoreCodelijst-2.16.840.1.113883.2.4.3.11.60.40.2.4.29.2--20171231000000.xml	3032	11	0	0	0	0	0	0	0	610	0	0	0	0	0	0	0	0	0	0	37	545	0	0	0	1	0	0
input/resources/SNAQrcGewichtsverliesScoreCodelijst-2.16.840.1.113883.2.4.3.11.60.40.2.4.29.1--20171231000000.xml	3761	6	1	0	0	0	0	0	1	640	0	0	0	0	0	0	0	0	0	0	33	534	0	0	0	0	0	0
input/resources/SNAQrcHulpBijEtenCodelijst-2.16.840.1.113883.2.4.3.11.60.40.2.4.29.4--20171231000000.xml	3390	6	0	0	0	0	0	0	0	131	0	0	0	0	0	0	0	0	0	0	31	243	0	0	0	0	0	0
input/resources/SchedelomvangMeetmethodeCodelijst-2.16.840.1.113883.2.4.3.11.60.40.2.12.14.1--20171231000000.xml	3215	5	0	0	0	0	0	0	1	322	1	0	0	0	0	0	0	0	0	0	34	206	0	0	0	1	0	0
input/resources/SondeTypeCodelijst-2.16.840.1.113883.2.4.3.11.60.40.2.10.3.1--20171231000000.xml	7453	8	1	0	0	0	0	0	0	348	0	0	0	0	0	0	0	0	0	0	49	278	0	0	0	0	0	0
input/resources/SoortAandoeningCodelijst-2.16.840.1.113883.2.4.3.11.60.40.2.19.3.1--20171231000000.xml	4196	8	0	0	0	0	0	0	0	268	0	0	0	0	0	0	0	0	0	0	42	250	0	0	0	1	0	0
input/resources/SoortHulpCodelijst-2.16.840.1.113883.2.4.3.11.60.40.2.3.2.1--20171231000000.xml	3032	6	1	0	0	0	0	0	1	132	0	0	0	0	0	0	0	0	0	0	32	243	0	0	0	0	0	0
input/resources/SoortInterventieCodelijst-2.16.840.1.113883.2.4.3.11.60.40.2.14.3.3--20171231000000.xml	5255	5	0	0	0	0	0	0	0	336	0	0	0	0	0	0	0	0	0	0	45	260	0	0	0	0	0	0
input/resources/SoortTabakGebruikCodelijst-2.16.840.1.113883.2.4.3.11.60.40.2.7.2.3--20171231000000.xml	4726	8	0	0	0	0	0	0	0	139	0	0	0	0	0	0	0	0	0	0	42	282	0	1	0	1	0	0
input/resources/SpecialismeAGBCodelijst-2.16.840.1.113883.2.4.3.11.60.40.2.17.1.7--20171231000000.xml	1653	5	0	0	0	0	0	0	0	3	0	0	0	0	0	0	0	0	0	0	29	287	0	0	0	0	0	0
input/resources/SpecialismeUZICodelijst-2.16.840.1.113883.2.4.3.11.60.40.2.17.1.6--20171231000000.xml	1658	6	0	0	0	0	0	0	1	3	0	0	0	0	0	0	0	0	0	0	28	777	0	0	0	0	0	0
input/resources/SpecifiekeStofAllergeneStoffenCodelijst-2.16.840.1.113883.2.4.3.11.60.40.2.8.2.16--20171231000000.xml	2112	5	1	0	0	0	0	0	0	3	0	0	0	0	0	0	0	0	0	0	30	199	0	0	0	1	0	0
input/resources/SpecifiekeStofHPKCodelijst-2.16.840.1.113883.2.4.3.11.60.40.2.8.2.18--20171231000000.xml	1651	4	0	0	0	0	0	0	0	3	0	0	0	0	0	0	0	0	0	0	28	283	0	0	0	0	0	0
input/resources/SpecifiekeStofSNKCodelijst-2.16.840.1.113883.2.4.3.11.60.40.2.8.2.10--20171231000000.xml	1647	5	0	0	0	0	0	0	0	3	0	0	0	0	0	0	0	0	0	0	29	281	0	0	1	0	0	0
input/resources/SpecifiekeStofSSKCodelijst-2.16.840.1.113883.2.4.3.11.60.40.2.8.2.9--20171231000000.xml	1666	5	0	0	0	0	0	0	0	2	0	0	0	0	0	0	0	0	0	0	28	284	0	0	0	0	0	0
input/resources/SpecifiekeStofThesaurus122Codelijst-2.16.840.1.113883.2.4.3.11.60.40.2.8.2.11--20171231000000.xml	1678	5	0	0	0	0	0	0	0	3	0	0	0	0	0	0	0	0	0	0	32	565	0	0	0	0	0	0
input/resources/SpierspanningCodelijst-2.16.840.1.113883.2.4.3.11.60.40.2.12.12.7--20171231000000.xml	5279	7	1	0	0	0	0	0	1	634	0	0	0	0	0	0	0	0	0	0	37	563	0	0	0	1	0	0
input/resources/SpierspanningScoreCodelijst-2.16.840.1.113883.2.4.3.11.60.40.2.12.16.3--20171231000000.xml	3775	7	0	0	0	0	0	0	0	139	0	0	0	0	0	0	0	0	0	0	35	218	0	0	0	0	1	0
input/resources/StatusNaamICFCodelijst-2.16.840.1.113883.2.4.3.11.60.40.2.4.26.3--20171231000000.xml	1605	4	1	0	0	0	0	0	0	4	0	0	0	0	0	0	0	0	0	0	28	560	0	0	0	0	0	0
input/resources/StatusNaamNOCCodelijst-2.16.840.1.113883.2.4.3.11.60.40.2.4.26.2--20171231000000.xml	1605	6	1	0	0	0	0	0	1	3	0	0	0	0	0	0	0	0	0	0	41	669	0	0	0	0	0	0
input/resources/StatusNaamOMAHACodelijst-2.16.840.1.113883.2.4.3.11.60.40.2.4.26.1--20171231000000.xml	1611	5	1	0	0	0	0	0	0	4	0	0	0	0	0	0	0	0	0	0	29	828	0	0	0	0	0	0
input/resources/StatusNaamSnomedCodelijst-2.16.840.1.113883.2.4.3.11.60.40.2.4.26.4--20171231000000.xml	1994	5	1	0	0	0	0	0	0	4	0	0	0	0	0	0	0	0	0	0	30	311	0	0	0	1	0	0
input/resources/StatusWaardeICFCodelijst-2.16.840.1.113883.2.4.3.11.60.40.2.4.26.6--20171231000000.xml	1609	5	0	0	0	0	0	0	0	2	0	0	0	0	0	0	0	0	0	0	29	324	0	0	0	0	0	0
input/resources/StatusWaardeNOCCodelijst-2.16.840.1.113883.2.4.3.11.60.40.2.4.26.7--20171231000000.xml	1609	5	1	0	0	0	0	0	1	3	0	0	0	0	0	0	0	0	0	0	30	355	0	0	0	0	0	0
input/resources/StatusWaardeOMAHACodelijst-2.16.840.1.113883.2.4.3.11.60.40.2.4.26.5--20171231000000.xml	1615	4	1	0	0	0	0	0	0	2	0	0	0	0	0	0	0	0	0	0	26	327	0	0	0	1	0	0
input/resources/StatusWaardeSnomedCodelijst-2.16.840.1.113883.2.4.3.11.60.40.2.4.26.8--20171231000000.xml	1998	4	1	0	0	0	0	0	0	3	0	0	0	0	0	0	0	0	0	0	33	330	0	0	0	0	0	0
input/resources/StomaAnatomischeLocatieCodelijst-2.16.840.1.113883.2.4.3.11.60.40.2.5.2.2--20171231000000.xml	2232	6	0	0	0	0	0	0	1	3	0	0	0	0	0	0	0	0	0	0	30	10692	0	0	0	0	0	0
input/resources/StomaLateraliteitCodelijst-2.16.840.1.113883.2.4.3.11.60.40.2.5.2.3--20171231000000.xml	3528	7	1	0	0	0	0	0	0	4	0	0	0	0	0	0	0	0	0	0	34	72	0	0	0	1	0	0
input/resources/StomaTypeCodelijst-2.16.840.1.113883.2.4.3.11.60.40.2.5.2.1--20171231000000.xml	6315	9	0	0	0	0	0	0	2	284	0	0	0	0	0	0	0	0	0	0	55	318	0	0	0	0	0	0
input/resources/Stoptype-2.16.840.1.113883.2.4.3.11.60.20.77.11.19--20160617101300.xml	1489	6	1	0	0	0	0	0	0	499	0	0	0	0	0	0	0	0	0	0	29	557	0	0	0	0	0	0
input/resources/SymptoomCodelijst-2.16.840.1.113883.2.4.3.11.60.40.2.8.2.5--20171231000000.xml	10548	7	1	0	0	0	0	0	1	287	0	0	0	0	0	0	0	0	0	0	51	442	0	0	0	1	0	0
input/resources/TabakGebruikStatusCodelijst-2.16.840.1.113883.2.4.3.11.60.40.2.7.2.2--20171231000000.xml	5881	8	0	0	1	0	0	0	0	137	0	0	0	0	0	0	0	0	0	0	39	313	0	0	0	1	0	0
input/resources/TeKledenLichaamsdeelCodelijst-2.16.840.1.113883.2.4.3.11.60.40.2.4.11.2--20171231000000.xml	3588	6	0	0	0	0	0	0	1	138	0	0	0	0	0	0	0	0	0	0	32	249	0	0	0	0	0	0
input/resources/TeWassenLichaamsdeelCodelijst-2.16.840.1.113883.2.4.3.11.60.40.2.4.10.2--20171231000000.xml	4102	6	0	0	0	0	0	0	0	138	0	0	0	0	0	0	0	0	0	0	33	254	0	0	0	0	0	0
input/resources/TekstStatusCodelijst-2.16.840.1.113883.2.4.3.11.60.40.2.13.2.2--20171231000000.xml	4189	6	0	0	0	0	0	0	0	3	0	0	0	0	0	0	0	0	0	0	36	284	0	0	0	1	0	0
input/resources/TekstUitslagTypeCodelijst-2.16.840.1.113883.2.4.3.11.60.40.2.13.2.1--20171231000000.xml	7675	11	1	0	0	0	0	0	1	148	0	0	0	0	0	0	0	0	0	0	42	325	0	0	0	0	0	0
input/resources/TelecomTypeCodelijst-2.16.840.1.113883.2.4.3.11.60.40.2.20.6.1--20171231000000.xml	3756	7	1	0	0	0	0	0	0	502	0	0	0	0	0	0	0	0	0	0	41	1000	0	0	0	1	0	0
input/resources/TemperatuurTypeCodelijst-2.16.840.1.113883.2.4.3.11.60.40.2.12.6.1--20171231000000.xml	6868	6	0	0	0	0	0	0	1	138	0	0	0	0	0	0	0	0	0	0	45	317	0	0	0	0	0	0
input/resources/TestCodeCodelijst-2.16.840.1.113883.2.4.3.11.60.40.2.13.1.3--20171231000000.xml	1583	6	0	0	0	0	0	0	0	3	0	0	0	0	0	0	0	0	0	0	28	12547	0	0	0	1	0	0
input/resources/TestmethodeCodelijst-2.16.840.1.113883.2.4.3.11.60.40.2.13.1.4--20171231000000.xml	2201	5	1	0	0	0	0	0	0	138	0	0	0	0	0	0	0	0	0	0	32	6267	0	0	0	0	0	0
input/resources/ToedieningHulpmiddelCodelijst-2.16.840.1.113883.2.4.3.11.60.40.2.12.5.4--20171231000000.xml	4198	5	1	0	0	0	0	0	1	135	0	0	0	0	0	0	0	0	0	0	41	271	0	0	0	1	0	0
input/resources/ToedieningsafspraakAanvullendeInformatieCodelijst-2.16.840.1.113883.2.4.3.11.60.40.2.9.8.2--20171231000000.xml	10952	10	0	0	0	0	0	0	1	628	0	0	0	0	0	0	0	0	0	0	51	763	0	0	0	0	0	0
input/resources/ToedieningswegCodelijst-2.16.840.1.113883.2.4.3.11.60.40.2.7.4.3--20171231000000.xml	4257	6	1	0	0	0	0	0	1	705	0	0	0	0	0	0	0	0	0	0	38	561	0	0	0	1	0	0
input/resources/ToestemmingCodelijst-2.16.840.1.113883.2.4.3.11.60.40.2.14.3.1--20171231000000.xml	3821	6	0	0	0	0	0	0	1	651	0	0	0	0	0	0	0	0	0	0	36	552	0	0	0	0	0	0
input/resources/ToiletgebruikCodelijst-2.16.840.1.113883.2.4.3.11.60.40.2.4.22.4--20171231000000.xml	4111	5	1	0	0	0	0	0	1	147	0	0	0	0	0	0	0	0	0	0	34	259	0	1	0	0	0	0
input/resources/TraplopenCodelijst-2.16.840.1.113883.2.4.3.11.60.40.2.4.3.12--20171231000000.xml	3569	5	1	0	0	0	0	0	0	139	0	0	0	0	0	0	0	0	0	0	32	263	0	0	0	1	0	0
input/resources/TroostbaarCodelijst-2.16.840.1.113883.2.4.3.11.60.40.2.12.13.5--20171231000000.xml	3816	8	0	0	0	0	0	0	0	625	0	0	0	0	0	0	0	0	0	0	34	585	0	0	0	0	0	0
input/resources/UiterlijkeVerzorgingCodelijst-2.16.840.1.113883.2.4.3.11.60.40.2.4.33.1--20171231000000.xml	3652	7	0	0	0	0	0	0	1	261	0	0	0	0	0	0	0	0	0	0	36	237	0	0	0	1	0	0
input/resources/UitvoerenTransferCodelijst-2.16.840.1.113883.2.4.3.11.60.40.2.4.3.7--20171231000000.xml	3637	5	1	0	0	0	0	0	0	279	0	0	0	0	0	0	0	0	0	0	40	258	0	0	0	0	0	0
input/resources/UrineContinentieCodelijst-2.16.840.1.113883.2.4.3.11.60.40.2.4.14.1--20171231000000.xml	4165	6	0	0	0	0	0	0	0	274	0	0	0	0	0	0	0	0	0	0	38	382	0	0	0	1	0	0
input/resources/UrineKatheterTypeCodelijst-2.16.840.1.113883.2.4.3.11.60.40.2.4.14.2--20171231000000.xml	5289	5	1	0	0	0	0	0	1	137	0	0	0	0	0	0	0	0	0	0	45	325	0	0	0	0	0	0
input/resources/VerificatieStatusCodelijst-2.16.840.1.113883.2.4.3.11.60.40.2.5.1.4--20171231000000.xml	4674	7	1	0	0	0	0	0	0	138	0	0	0	0	0	0	0	1	0	0	44	269	0	0	0	1	0	0
input/resources/VeroorzakendeStofAllergeneStoffenCodelijst-2.16.840.1.113883.2.4.3.11.60.40.2.8.2.17--20171231000000.xml	2028	7	0	0	0	0	0	0	0	2	0	0	0	0	0	0	0	0	0	0	31	231	0	0	0	0	0	0
input/resources/VeroorzakendeStofHPKCodelijst-2.16.840.1.113883.2.4.3.11.60.40.2.8.2.19--20171231000000.xml	1657	5	1	0	0	0	0	0	0	3	0	0	0	0	0	0	0	0	0	0	36	293	0	0	0	1	0	0
input/resources/VeroorzakendeStofSNKCodelijst-2.16.840.1.113883.2.4.3.11.60.40.2.8.2.14--20171231000000.xml	1653	4	1	0	0	0	0	0	0	2	0	0	0	0	0	0	0	0	0	0	29	300	0	0	0	0	0	0
input/resources/VeroorzakendeStofSSKCodelijst-2.16.840.1.113883.2.4.3.11.60.40.2.8.2.13--20171231000000.xml	1675	6	0	0	0	0	0	0	0	4	0	0	0	0	0	0	0	0	0	0	26	293	0	0	0	0	0	0
input/resources/VeroorzakendeStofThesaurus122Codelijst-2.16.840.1.113883.2.4.3.11.60.40.2.8.2.15--20171231000000.xml	1684	4	1	0	0	0	0	0	1	4	0	0	0	0	0	0	0	0	0	0	28	284	0	0	0	1	0	0
input/resources/VerrichtenVPKHandelingCodelijst-2.16.840.1.113883.2.4.3.11.60.40.2.4.34.1--20171231000000.xml	3685	6	0	0	0	0	0	0	0	322	0	0	0	0	0	0	0	0	0	0	43	240	0	0	0	0	0	0
input/resources/VerrichtingAnatomischeLocatieCodelijst-2.16.840.1.113883.2.4.3.11.60.40.2.14.1.1--20171231000000.xml	2247	6	1	0	0	0	0	0	0	3	0	0	0	0	0	0	0	0	0	0	31	10706	0	0	0	0	0	0
input/resources/VerrichtingLateraliteitCodelijst-2.16.840.1.113883.2.4.3.11.60.40.2.14.1.3--20171231000000.xml	3549	7	0	0	0	0	0	0	1	4	0	0	0	0	0	0	0	0	0	0	34	89	0	0	0	0	0	0
input/resources/VerrichtingMethodeCodelijst-2.16.840.1.113883.2.4.3.11.60.40.2.14.1.4--20171231000000.xml	2212	27	1	0	0	0	0	0	0	130	0	0	0	0	0	0	0	0	0	0	29	4787	0	0	0	1	0	1
input/resources/VerrichtingTypeCodelijst-2.16.840.1.113883.2.4.3.11.60.40.2.14.1.2--20171231000000.xml	2092	5	0	0	0	0	0	0	0	2	0	0	0	0	0	0	0	0	0	0	31	252	0	0	0	0	0	0
input/resources/VerzekeringssoortCodelijst-2.16.840.1.113883.2.4.3.11.60.40.2.1.1.1--20171231000000.xml	4917	5	1	0	0	0	0	0	0	611	0	0	0	0	0	0	0	0	0	0	36	582	0	0	0	0	0	0
input/resources/VerzorgenTandenCodelijst-2.16.840.1.113883.2.4.3.11.60.40.2.4.13.1--20171231000000.xml	3664	5	1	0	0	0	0	0	1	285	0	0	0	0	0	0	0	0	0	0	33	246	0	0	0	1	0	0
input/resources/VisueleFunctieCodelijst-2.16.840.1.113883.2.4.3.11.60.40.2.4.16.1--20171231000000.xml	3588	4	1	0	0	0	0	0	0	138	0	0	0	0	0	0	0	0	0	0	33	251	0	0	0	0	0	0
input/resources/VoedingMethodeCodelijst-2.16.840.1.113883.2.4.3.11.60.40.2.4.31.2--20171231000000.xml	3051	4	0	0	0	0	0	0	0	151	0	0	0	0	0	0	0	0	0	0	33	252	0	0	0	0	0	0
input/resources/VoedingSoortCodelijst-2.16.840.1.113883.2.4.3.11.60.40.2.4.31.1--20171231000000.xml	3032	5	1	0	0	0	0	0	1	137	0	0	0	0	0	0	0	0	0	0	33	258	0	0	0	1	0	0
input/resources/VoedingsScoreCodelijst-2.16.840.1.113883.2.4.3.11.60.40.2.4.6.3--20171231000000.xml	3031	5	0	0	0	0	0	0	0	626	0	0	0	0	0	0	0	0	0	0	32	584	0	0	0	0	0	0
input/resources/WeekdagCodelijst-2.16.840.1.113883.2.4.3.11.60.40.2.9.12.2--20171231000000.xml	5542	6	1	0	0	0	0	0	0	148	0	0	0	0	0	0	0	0	0	0	38	318	0	0	0	1	0	0
input/resources/WijzeVanBlootstellingCodelijst-2.16.840.1.113883.2.4.3.11.60.40.2.8.2.12--20171231000000.xml	2223	5	0	0	0	0	0	0	0	150	0	0	0	0	0	0	0	0	0	0	38	1991	0	0	0	0	0	0
input/resources/WilsverklaringTypeCodelijst-2.16.840.1.113883.2.4.3.11.60.40.2.7.15.1--20171231000000.xml	7073	6	1	0	0	0	0	0	2	635	0	0	0	0	0	0	0	0	0	0	44	576	0	0	0	1	0	0
input/resources/WondAnatomischeLocatieCodelijst-2.16.840.1.113883.2.4.3.11.60.40.2.19.2.6--20171231000000.xml	2233	3	0	0	0	0	0	0	0	4	0	0	0	0	0	0	0	0	0	0	29	10198	0	0	0	0	0	0
input/resources/WondDrainTypeCodelijst-2.16.840.1.113883.2.4.3.11.60.40.2.19.2.7--20171231000000.xml	2177	3	0	0	0	0	0	0	0	139	0	0	0	0	0	0	0	0	0	0	31	481	0	0	0	0	0	0
input/resources/WondLateraliteitCodelijst-2.16.840.1.113883.2.4.3.11.60.40.2.19.2.8--20171231000000.xml	3528	6	0	0	0	0	0	0	1	3	0	0	0	0	0	0	0	0	0	0	32	57	0	0	0	0	0	0
input/resources/WondRandCodelijst-2.16.840.1.113883.2.4.3.11.60.40.2.19.2.5--20171231000000.xml	4674	7	1	0	0	0	0	0	0	177	0	0	0	0	0	0	0	0	0	0	42	378	0	0	0	1	0	0
input/resources/WondSoortCodelijst-2.16.840.1.113883.2.4.3.11.60.40.2.19.2.4--20171231000000.xml	6280	4	0	0	0	0	0	0	1	139	0	0	0	0	0	0	0	0	0	0	43	373	0	0	0	0	0	0
input/resources/WondVochtigheidCodelijst-2.16.840.1.113883.2.4.3.11.60.40.2.19.2.3--20171231000000.xml	3173	4	0	0	0	0	0	0	1	624	0	0	0	0	0	0	0	0	0	0	32	585	0	0	0	1	0	0
input/resources/WondWeefselOncoUlcerCodelijst-2.16.840.1.113883.2.4.3.11.60.40.2.19.2.2--20171231000000.xml	4189	5	1	0	0	0	0	0	0	652	0	0	0	0	0	0	0	0	0	0	35	560	0	0	0	0	0	0
input/resources/WondWeefselWCSCodelijst-2.16.840.1.113883.2.4.3.11.60.40.2.19.2.1--20171231000000.xml	3204	4	0	0	0	0	0	0	1	619	0	0	0	0	0	0	0	0	0	0	34	550	0	0	0	0	0	0
input/resources/WoningTypeCodelijst-2.16.840.1.113883.2.4.3.11.60.40.2.7.8.1--20171231000000.xml	6885	4	0	0	0	0	0	0	1	625	0	0	0	0	0	0	0	0	0	0	41	545	0	0	0	1	0	0
input/resources/ZelfstandigMedicatiegebruikCodelijst-2.16.840.1.113883.2.4.3.11.60.40.2.4.35.1--20171231000000.xml	3665	6	0	0	0	0	0	0	0	304	0	0	0	0	0	0	0	0	0	0	33	233	0	0	0	1	0	0
input/resources/ZichKledenCodelijst-2.16.840.1.113883.2.4.3.11.60.40.2.4.11.1--20171231000000.xml	3572	7	1	0	0	0	0	0	1	135	0	0	0	0	0	0	0	0	0	0	32	255	0	0	0	0	0	0
input/resources/ZichWassenCodelijst-2.16.840.1.113883.2.4.3.11.60.40.2.4.10.1--20171231000000.xml	3592	4	0	0	0	0	0	0	0	308	0	0	0	0	0	0	0	0	0	0	35	228	0	0	0	1	0	0
input/resources/ZiekteScoreCodelijst-2.16.840.1.113883.2.4.3.11.60.40.2.4.5.3--20171231000000.xml	2972	4	0	0	0	0	0	0	1	641	0	0	0	0	0	0	0	0	0	0	35	531	0	0	0	0	0	0
input/resources/ZienHulpmiddelTypeCodelijst-2.16.840.1.113883.2.4.3.11.60.40.2.4.16.2--20171231000000.xml	5303	5	0	0	0	0	0	0	1	753	0	0	0	0	0	0	0	0	0	0	38	772	0	1	0	0	0	0
input/resources/ZindelijkheidFecesCodelijst-2.16.840.1.113883.2.4.3.11.60.40.2.4.32.2--20171231000000.xml	3649	4	1	0	0	0	0	0	0	304	0	0	0	0	0	0	0	0	0	0	33	224	0	0	0	1	0	0
input/resources/ZindelijkheidUrineCodelijst-2.16.840.1.113883.2.4.3.11.60.40.2.4.32.1--20171231000000.xml	4229	4	0	0	0	0	0	0	1	327	0	0	0	0	0	0	0	0	0	0	39	217	0	0	1	0	0	0
input/resources/ZonodigCriteriumCodelijst-2.16.840.1.113883.2.4.3.11.60.40.2.9.12.4--20171231000000.xml	8468	6	0	0	0	0	0	0	1	640	0	0	0	0	0	0	0	0	0	0	47	761	0	0	0	1	0	0
input/resources/ZorgBijMenstruatieCodelijst-2.16.840.1.113883.2.4.3.11.60.40.2.4.22.3--20171231000000.xml	3659	6	1	0	0	0	0	0	1	284	0	0	0	0	0	0	0	0	0	0	35	225	0	0	0	0	0	0
input/resources/ZorgverlenerRolCodelijst-2.16.840.1.113883.2.4.3.11.60.40.2.17.1.5--20171231000000.xml	5313	5	0	0	0	0	0	0	1	5	0	0	0	0	0	0	0	0	0	0	53	100	0	0	0	1	0	0
input/resources/ZwangerschapsduurEenheidCodelijst-2.16.840.1.113883.2.4.3.11.60.7.11.2--20171231000000.xml	2640	4	0	0	0	0	0	0	0	616	0	0	0	0	0	0	0	0	0	0	30	546	0	0	0	0	0	0
